Payment Data,TransactionNumber,Clean1,Clean2,Clean3,First_Name,Clean4,Last_Name,Clean5,Customer_ContactNumber,Clean6,Clean7,Clean8,UPI_Method,Card_Name,Clean9,Clean10,Clean11,Clean12,Clean13,Clean14,Date_length,Month,Day,Year,TransactionNumber,Full_Name,Customer_ContactNumber,Date,Payment_Gateway,Payment_Method,Amount,Platform,Campaign
TRXNO0005428//12162024|Vishal|NairMob604868234//Razorpay*CReDIT Card3499,TRXNO0005428,12162024|Vishal|NairMob604868234,Razorpay*CReDIT Card3499,12162024,Vishal,NairMob604868234,Nair,604868234,604868234,,,,,Razorpay,CReDIT Card3499,credit card3499,credit card3499,3499,credit card,credit card,8,12,16,2024,TRXNO0005428,Vishal Nair,604868234,12/16/2024,Razorpay,Credit Card,3499,Instagram,Train to Gain
TRXNO0005429//12242024|Arjun|SharmaMob605184653//Razorpay*CredIt Card3999,TRXNO0005429,12242024|Arjun|SharmaMob605184653,Razorpay*CredIt Card3999,12242024,Arjun,SharmaMob605184653,Sharma,605184653,605184653,,,,,Razorpay,CredIt Card3999,credit card3999,credit card3999,3999,credit card,credit card,8,12,24,2024,TRXNO0005429,Arjun Sharma,605184653,12/24/2024,Razorpay,Credit Card,3999,Facebook,Train to Gain
TRXNO0005430//12222024|MAhesh|ChopraMob608152639//Razorpay*Credit Card1499,TRXNO0005430,12222024|MAhesh|ChopraMob608152639,Razorpay*Credit Card1499,12222024,MAhesh,ChopraMob608152639,Chopra,608152639,608152639,,,,,Razorpay,Credit Card1499,credit card1499,credit card1499,1499,credit card,credit card,8,12,22,2024,TRXNO0005430,Mahesh Chopra,608152639,12/22/2024,Razorpay,Credit Card,1499,Instagram,Train to Gain
TRXNO0005431//12162024|Madhuri|VermaMob600852753*PhonePE3499,TRXNO0005431,12162024|Madhuri|VermaMob600852753*PhonePE3499,,12162024,Madhuri,VermaMob600852753*PhonePE3499,Verma,600852753*PhonePE3499,600852753,PhonePE3499,PhonePE3499,3499,Phonepe,,,,,,,,8,12,16,2024,TRXNO0005431,Madhuri Verma,600852753,12/16/2024,Phonepe,UPI,3499,Instagram,Train to Gain
TRXNO0005432//12142024|Siddharth|BansalMob607953470//Razorpay*DEbit Card2499,TRXNO0005432,12142024|Siddharth|BansalMob607953470,Razorpay*DEbit Card2499,12142024,Siddharth,BansalMob607953470,Bansal,607953470,607953470,,,,,Razorpay,DEbit Card2499,debit card2499,debit card2499,2499,debit card,debit card,8,12,14,2024,TRXNO0005432,Siddharth Bansal,607953470,12/14/2024,Razorpay,Debit Card,2499,Instagram,Train to Gain
TRXNO0005433//12122024|Jeet|ChopraMob608853508//Razorpay*Debit C@rd3999,TRXNO0005433,12122024|Jeet|ChopraMob608853508,Razorpay*Debit C@rd3999,12122024,Jeet,ChopraMob608853508,Chopra,608853508,608853508,,,,,Razorpay,Debit C@rd3999,debit c@rd3999,debit card3999,3999,debit card,debit card,8,12,12,2024,TRXNO0005433,Jeet Chopra,608853508,12/12/2024,Razorpay,Debit Card,3999,YouTube,Train to Gain
TRXNO0005434//12212024|Tanisha|TiwariMob600653584//Razorpay*Debit3499,TRXNO0005434,12212024|Tanisha|TiwariMob600653584,Razorpay*Debit3499,12212024,Tanisha,TiwariMob600653584,Tiwari,600653584,600653584,,,,,Razorpay,Debit3499,debit3499,debit3499,3499,debit,debit card,8,12,21,2024,TRXNO0005434,Tanisha Tiwari,600653584,12/21/2024,Razorpay,Debit Card,3499,Instagram,Train to Gain
TRXNO0005435//12252024|Tejas|NairMob707853886//Razorpay*CredItCard2499,TRXNO0005435,12252024|Tejas|NairMob707853886,Razorpay*CredItCard2499,12252024,Tejas,NairMob707853886,Nair,707853886,707853886,,,,,Razorpay,CredItCard2499,creditcard2499,credit card2499,2499,credit card,credit card,8,12,25,2024,TRXNO0005435,Tejas Nair,707853886,12/25/2024,Razorpay,Credit Card,2499,Instagram,Unlock Your Potential
TRXNO0005436//12152024|Zara|RaoMob604154150//PayU*CreditCard1499,TRXNO0005436,12152024|Zara|RaoMob604154150,PayU*CreditCard1499,12152024,Zara,RaoMob604154150,Rao,604154150,604154150,,,,,PayU,CreditCard1499,creditcard1499,credit card1499,1499,credit card,credit card,8,12,15,2024,TRXNO0005436,Zara Rao,604154150,12/15/2024,PayU,Credit Card,1499,Instagram,Unlock Your Potential
TRXNO0005437//12172024|Jayant|NairMob701354453//Razorpay*DebitCard2499,TRXNO0005437,12172024|Jayant|NairMob701354453,Razorpay*DebitCard2499,12172024,Jayant,NairMob701354453,Nair,701354453,701354453,,,,,Razorpay,DebitCard2499,debitcard2499,debit card2499,2499,debit card,debit card,8,12,17,2024,TRXNO0005437,Jayant Nair,701354453,12/17/2024,Razorpay,Debit Card,2499,Instagram,Unlock Your Potential
TRXNO0005438//12212024|Shivam|GhoshMob705854642//Razorpay*Debit Card3499,TRXNO0005438,12212024|Shivam|GhoshMob705854642,Razorpay*Debit Card3499,12212024,Shivam,GhoshMob705854642,Ghosh,705854642,705854642,,,,,Razorpay,Debit Card3499,debit card3499,debit card3499,3499,debit card,debit card,8,12,21,2024,TRXNO0005438,Shivam Ghosh,705854642,12/21/2024,Razorpay,Debit Card,3499,Facebook,Train to Gain
TRXNO0005439//12172024|Kajal |Gupta Mob709454793//Razorpay*Debit_Card2499,TRXNO0005439,12172024|Kajal |Gupta Mob709454793,Razorpay*Debit_Card2499,12172024,Kajal ,Gupta Mob709454793,Gupta ,709454793,709454793,,,,,Razorpay,Debit_Card2499,debit_card2499,debit card2499,2499,debit card,debit card,8,12,17,2024,TRXNO0005439,Kajal  Gupta ,709454793,12/17/2024,Razorpay,Debit Card,2499,Instagram,Unlock Your Potential
TRXNO0005440//12222024|Sandeep|RaoMob603054944//Razorpay*DEbit Card1499,TRXNO0005440,12222024|Sandeep|RaoMob603054944,Razorpay*DEbit Card1499,12222024,Sandeep,RaoMob603054944,Rao,603054944,603054944,,,,,Razorpay,DEbit Card1499,debit card1499,debit card1499,1499,debit card,debit card,8,12,22,2024,TRXNO0005440,Sandeep Rao,603054944,12/22/2024,Razorpay,Debit Card,1499,Instagram,Unlock Your Potential
TRXNO0005441//12222024|Harini |PatelMob701005607*PhonePe3499,TRXNO0005441,12222024|Harini |PatelMob701005607*PhonePe3499,,12222024,Harini ,PatelMob701005607*PhonePe3499,Patel,701005607*PhonePe3499,701005607,PhonePe3499,PhonePe3499,3499,Phonepe,,,,,,,,8,12,22,2024,TRXNO0005441,Harini  Patel,701005607,12/22/2024,Phonepe,UPI,3499,Instagram,Unlock Your Potential
TRXNO0005442//12202024|Harini|SharmaMob701275619//Razorpay*CReDIT Card2499,TRXNO0005442,12202024|Harini|SharmaMob701275619,Razorpay*CReDIT Card2499,12202024,Harini,SharmaMob701275619,Sharma,701275619,701275619,,,,,Razorpay,CReDIT Card2499,credit card2499,credit card2499,2499,credit card,credit card,8,12,20,2024,TRXNO0005442,Harini Sharma,701275619,12/20/2024,Razorpay,Credit Card,2499,Instagram,Unlock Your Potential
TRXNO0005443//12192024|Siddharth|ReddyMob701905645//Razorpay*Debit C@rd2499,TRXNO0005443,12192024|Siddharth|ReddyMob701905645,Razorpay*Debit C@rd2499,12192024,Siddharth,ReddyMob701905645,Reddy,701905645,701905645,,,,,Razorpay,Debit C@rd2499,debit c@rd2499,debit card2499,2499,debit card,debit card,8,12,19,2024,TRXNO0005443,Siddharth Reddy,701905645,12/19/2024,Razorpay,Debit Card,2499,Instagram,Train to Gain
TRXNO0005444//12162024|Rishabh|PatelMob702175656//PayU*CReditC@rd2499,TRXNO0005444,12162024|Rishabh|PatelMob702175656,PayU*CReditC@rd2499,12162024,Rishabh,PatelMob702175656,Patel,702175656,702175656,,,,,PayU,CReditC@rd2499,creditc@rd2499,credit card2499,2499,credit card,credit card,8,12,16,2024,TRXNO0005444,Rishabh Patel,702175656,12/16/2024,PayU,Credit Card,2499,Instagram,Unlock Your Potential
TRXNO0005445//12182024|Aman|PatelMob702355664//PayU*Debit C@rd2499,TRXNO0005445,12182024|Aman|PatelMob702355664,PayU*Debit C@rd2499,12182024,Aman,PatelMob702355664,Patel,702355664,702355664,,,,,PayU,Debit C@rd2499,debit c@rd2499,debit card2499,2499,debit card,debit card,8,12,18,2024,TRXNO0005445,Aman Patel,702355664,12/18/2024,PayU,Debit Card,2499,Instagram,Grow with Us
TRXNO0005446//12202024|Abhay |SinghMob703435709//PayU*Credit_Card3499,TRXNO0005446,12202024|Abhay |SinghMob703435709,PayU*Credit_Card3499,12202024,Abhay ,SinghMob703435709,Singh,703435709,703435709,,,,,PayU,Credit_Card3499,credit_card3499,credit card3499,3499,credit card,credit card,8,12,20,2024,TRXNO0005446,Abhay  Singh,703435709,12/20/2024,PayU,Credit Card,3499,Facebook,Grow with Us
TRXNO0005447//12262024|Uday|IyerMob703705721*Go0gle Pay2499,TRXNO0005447,12262024|Uday|IyerMob703705721*Go0gle Pay2499,,12262024,Uday,IyerMob703705721*Go0gle Pay2499,Iyer,703705721*Go0gle Pay2499,703705721,Go0gle Pay2499,Go0gle Pay2499,0,Gogle Pay2499,,,,,,,,8,12,26,2024,TRXNO0005447,Uday Iyer,703705721,12/26/2024,Gogle Pay2499,UPI,0,Instagram,Unlock Your Potential
TRXNO0005448//12192024|Biju|RamakrishnanMob604065736//Razorpay*CReDIT Card2499,TRXNO0005448,12192024|Biju|RamakrishnanMob604065736,Razorpay*CReDIT Card2499,12192024,Biju,RamakrishnanMob604065736,Ramakrishnan,604065736,604065736,,,,,Razorpay,CReDIT Card2499,credit card2499,credit card2499,2499,credit card,credit card,8,12,19,2024,TRXNO0005448,Biju Ramakrishnan,604065736,12/19/2024,Razorpay,Credit Card,2499,Instagram,Unlock Your Potential
TRXNO0005449//12192024|Indrajit |TiwariMob704155739//PayU*CReDIT Card2499,TRXNO0005449,12192024|Indrajit |TiwariMob704155739,PayU*CReDIT Card2499,12192024,Indrajit ,TiwariMob704155739,Tiwari,704155739,704155739,,,,,PayU,CReDIT Card2499,credit card2499,credit card2499,2499,credit card,credit card,8,12,19,2024,TRXNO0005449,Indrajit  Tiwari,704155739,12/19/2024,PayU,Credit Card,2499,Instagram,Train to Gain
TRXNO0005450//12242024|Kamini|AgarwalMob604695762//PayU*DebitCard3499,TRXNO0005450,12242024|Kamini|AgarwalMob604695762,PayU*DebitCard3499,12242024,Kamini,AgarwalMob604695762,Agarwal,604695762,604695762,,,,,PayU,DebitCard3499,debitcard3499,debit card3499,3499,debit card,debit card,8,12,24,2024,TRXNO0005450,Kamini Agarwal,604695762,12/24/2024,PayU,Debit Card,3499,Facebook,Grow with Us
TRXNO0005451//12152024|Prashant|RaoMob705055777//PayU*CreditCard3499,TRXNO0005451,12152024|Prashant|RaoMob705055777,PayU*CreditCard3499,12152024,Prashant,RaoMob705055777,Rao,705055777,705055777,,,,,PayU,CreditCard3499,creditcard3499,credit card3499,3499,credit card,credit card,8,12,15,2024,TRXNO0005451,Prashant Rao,705055777,12/15/2024,PayU,Credit Card,3499,Instagram,Train to Gain
TRXNO0005452//12242024|Deepa|ReddyMob705235785//Razorpay*Credit Card2499,TRXNO0005452,12242024|Deepa|ReddyMob705235785,Razorpay*Credit Card2499,12242024,Deepa,ReddyMob705235785,Reddy,705235785,705235785,,,,,Razorpay,Credit Card2499,credit card2499,credit card2499,2499,credit card,credit card,8,12,24,2024,TRXNO0005452,Deepa Reddy,705235785,12/24/2024,Razorpay,Credit Card,2499,YouTube,Train to Gain
TRXNO0005453//12172024|Adith|VermaMob705325789//PayU*Debit Card2499,TRXNO0005453,12172024|Adith|VermaMob705325789,PayU*Debit Card2499,12172024,Adith,VermaMob705325789,Verma,705325789,705325789,,,,,PayU,Debit Card2499,debit card2499,debit card2499,2499,debit card,debit card,8,12,17,2024,TRXNO0005453,Adith Verma,705325789,12/17/2024,PayU,Debit Card,2499,Instagram,Unlock Your Potential
TRXNO0005454//12262024|Bhavya|AgarwalMob706045819//PayU*Credit Card2499,TRXNO0005454,12262024|Bhavya|AgarwalMob706045819,PayU*Credit Card2499,12262024,Bhavya,AgarwalMob706045819,Agarwal,706045819,706045819,,,,,PayU,Credit Card2499,credit card2499,credit card2499,2499,credit card,credit card,8,12,26,2024,TRXNO0005454,Bhavya Agarwal,706045819,12/26/2024,PayU,Credit Card,2499,Facebook,Grow with Us
TRXNO0005455//12232024|Ravi|ReddyMob606495838//PayU*Credit_Card3499,TRXNO0005455,12232024|Ravi|ReddyMob606495838,PayU*Credit_Card3499,12232024,Ravi,ReddyMob606495838,Reddy,606495838,606495838,,,,,PayU,Credit_Card3499,credit_card3499,credit card3499,3499,credit card,credit card,8,12,23,2024,TRXNO0005455,Ravi Reddy,606495838,12/23/2024,PayU,Credit Card,3499,Facebook,Unlock Your Potential
TRXNO0005456//12242024|Rinu|JoseMob606585841*Paytm3499,TRXNO0005456,12242024|Rinu|JoseMob606585841*Paytm3499,,12242024,Rinu,JoseMob606585841*Paytm3499,Jose,606585841*Paytm3499,606585841,Paytm3499,Paytm3499,3499,Paytm,,,,,,,,8,12,24,2024,TRXNO0005456,Rinu Jose,606585841,12/24/2024,Paytm,UPI,3499,Instagram,Train to Gain
TRXNO0005457//12102024|Smita|RaoMob708115906//PayU*DebItC@rd1499,TRXNO0005457,12102024|Smita|RaoMob708115906,PayU*DebItC@rd1499,12102024,Smita,RaoMob708115906,Rao,708115906,708115906,,,,,PayU,DebItC@rd1499,debitc@rd1499,debit card1499,1499,debit card,debit card,8,12,10,2024,TRXNO0005457,Smita Rao,708115906,12/10/2024,PayU,Debit Card,1499,Instagram,Train to Gain
TRXNO0005458//12202024|Yuvraj|SinghMob708295913//Razorpay*Debit2499,TRXNO0005458,12202024|Yuvraj|SinghMob708295913,Razorpay*Debit2499,12202024,Yuvraj,SinghMob708295913,Singh,708295913,708295913,,,,,Razorpay,Debit2499,debit2499,debit2499,2499,debit,debit card,8,12,20,2024,TRXNO0005458,Yuvraj Singh,708295913,12/20/2024,Razorpay,Debit Card,2499,Instagram,Unlock Your Potential
TRXNO0005459//12102024|Varsha|MMob708745932*Google pay2499,TRXNO0005459,12102024|Varsha|MMob708745932*Google pay2499,,12102024,Varsha,MMob708745932*Google pay2499,M,708745932*Google pay2499,708745932,Google pay2499,Google pay2499,2499,Google Pay,,,,,,,,8,12,10,2024,TRXNO0005459,Varsha M,708745932,12/10/2024,Google Pay,UPI,2499,Instagram,Train to Gain
TRXNO0005460//12152024|Suhana|YadavMob708835936//PayU*Debit C@rd3999,TRXNO0005460,12152024|Suhana|YadavMob708835936,PayU*Debit C@rd3999,12152024,Suhana,YadavMob708835936,Yadav,708835936,708835936,,,,,PayU,Debit C@rd3999,debit c@rd3999,debit card3999,3999,debit card,debit card,8,12,15,2024,TRXNO0005460,Suhana Yadav,708835936,12/15/2024,PayU,Debit Card,3999,Instagram,Unlock Your Potential
TRXNO0005461//12212024|Akash|VermaMob608925940//Razorpay*DebitCard2499,TRXNO0005461,12212024|Akash|VermaMob608925940,Razorpay*DebitCard2499,12212024,Akash,VermaMob608925940,Verma,608925940,608925940,,,,,Razorpay,DebitCard2499,debitcard2499,debit card2499,2499,debit card,debit card,8,12,21,2024,TRXNO0005461,Akash Verma,608925940,12/21/2024,Razorpay,Debit Card,2499,YouTube,Unlock Your Potential
TRXNO0005462//12232024|Aryan |RaoMob609285955//Razorpay*Debit C@rd2499,TRXNO0005462,12232024|Aryan |RaoMob609285955,Razorpay*Debit C@rd2499,12232024,Aryan ,RaoMob609285955,Rao,609285955,609285955,,,,,Razorpay,Debit C@rd2499,debit c@rd2499,debit card2499,2499,debit card,debit card,8,12,23,2024,TRXNO0005462,Aryan  Rao,609285955,12/23/2024,Razorpay,Debit Card,2499,Instagram,Train to Gain
TRXNO0005463//12192024|Zara|KapoorMob709555966//PayU*CreditCard2499,TRXNO0005463,12192024|Zara|KapoorMob709555966,PayU*CreditCard2499,12192024,Zara,KapoorMob709555966,Kapoor,709555966,709555966,,,,,PayU,CreditCard2499,creditcard2499,credit card2499,2499,credit card,credit card,8,12,19,2024,TRXNO0005463,Zara Kapoor,709555966,12/19/2024,PayU,Credit Card,2499,Instagram,Train to Gain
TRXNO0005464//12182024|Kaushik|RaoMob700095989//PayU*DebitCard2499,TRXNO0005464,12182024|Kaushik|RaoMob700095989,PayU*DebitCard2499,12182024,Kaushik,RaoMob700095989,Rao,700095989,700095989,,,,,PayU,DebitCard2499,debitcard2499,debit card2499,2499,debit card,debit card,8,12,18,2024,TRXNO0005464,Kaushik Rao,700095989,12/18/2024,PayU,Debit Card,2499,Instagram,Train to Gain
TRXNO0005465//12192024|Gagan|VermaMob600185993*Google pay2499,TRXNO0005465,12192024|Gagan|VermaMob600185993*Google pay2499,,12192024,Gagan,VermaMob600185993*Google pay2499,Verma,600185993*Google pay2499,600185993,Google pay2499,Google pay2499,2499,Google Pay,,,,,,,,8,12,19,2024,TRXNO0005465,Gagan Verma,600185993,12/19/2024,Google Pay,UPI,2499,Instagram,Unlock Your Potential
TRXNO0005466//12182024|Uma|RaoMob600275996//PayU*CreditC@rd2499,TRXNO0005466,12182024|Uma|RaoMob600275996,PayU*CreditC@rd2499,12182024,Uma,RaoMob600275996,Rao,600275996,600275996,,,,,PayU,CreditC@rd2499,creditc@rd2499,credit card2499,2499,credit card,credit card,8,12,18,2024,TRXNO0005466,Uma Rao,600275996,12/18/2024,PayU,Credit Card,2499,Facebook,Train to Gain
TRXNO0005467//12182024|Karthik  |TiwariMob700456004*P@ytm2499,TRXNO0005467,12182024|Karthik  |TiwariMob700456004*P@ytm2499,,12182024,Karthik  ,TiwariMob700456004*P@ytm2499,Tiwari,700456004*P@ytm2499,700456004,P@ytm2499,P@ytm2499,2499,P@Ytm,,,,,,,,8,12,18,2024,TRXNO0005467,Karthik   Tiwari,700456004,12/18/2024,P@Ytm,UPI,2499,Instagram,Train to Gain
TRXNO0005468//12172024|Shraddha|GhoshMob600726015//PayU*Debit_Card2499,TRXNO0005468,12172024|Shraddha|GhoshMob600726015,PayU*Debit_Card2499,12172024,Shraddha,GhoshMob600726015,Ghosh,600726015,600726015,,,,,PayU,Debit_Card2499,debit_card2499,debit card2499,2499,debit card,debit card,8,12,17,2024,TRXNO0005468,Shraddha Ghosh,600726015,12/17/2024,PayU,Debit Card,2499,Instagram,Unlock Your Potential
TRXNO0005469//12142024|KavitA|MehtaMob700816019//PayU*CReDIT Card3999,TRXNO0005469,12142024|KavitA|MehtaMob700816019,PayU*CReDIT Card3999,12142024,KavitA,MehtaMob700816019,Mehta,700816019,700816019,,,,,PayU,CReDIT Card3999,credit card3999,credit card3999,3999,credit card,credit card,8,12,14,2024,TRXNO0005469,Kavita Mehta,700816019,12/14/2024,PayU,Credit Card,3999,Instagram,Train to Gain
TRXNO0005470//12252024|Gagan|YadavMob701446045//PayU*CReditC@rd3499,TRXNO0005470,12252024|Gagan|YadavMob701446045,PayU*CReditC@rd3499,12252024,Gagan,YadavMob701446045,Yadav,701446045,701446045,,,,,PayU,CReditC@rd3499,creditc@rd3499,credit card3499,3499,credit card,credit card,8,12,25,2024,TRXNO0005470,Gagan Yadav,701446045,12/25/2024,PayU,Credit Card,3499,YouTube,Unlock Your Potential
TRXNO0005471//12292024|Omkar  |PateLMob602706098*Amazon Pay3499,TRXNO0005471,12292024|Omkar  |PateLMob602706098*Amazon Pay3499,,12292024,Omkar  ,PateLMob602706098*Amazon Pay3499,PateL,602706098*Amazon Pay3499,602706098,Amazon Pay3499,Amazon Pay3499,3499,Amazon Pay,,,,,,,,8,12,29,2024,TRXNO0005471,Omkar   Patel,602706098,12/29/2024,Amazon Pay,UPI,3499,Instagram,Unlock Your Potential
TRXNO0005472//12202024|Uma|KapoorMob602796102//PayU*CreditC@rd3499,TRXNO0005472,12202024|Uma|KapoorMob602796102,PayU*CreditC@rd3499,12202024,Uma,KapoorMob602796102,Kapoor,602796102,602796102,,,,,PayU,CreditC@rd3499,creditc@rd3499,credit card3499,3499,credit card,credit card,8,12,20,2024,TRXNO0005472,Uma Kapoor,602796102,12/20/2024,PayU,Credit Card,3499,Instagram,Train to Gain
TRXNO0005473//12242024|Aman|TiwariMob603066113//PayU*Credit_Card2499,TRXNO0005473,12242024|Aman|TiwariMob603066113,PayU*Credit_Card2499,12242024,Aman,TiwariMob603066113,Tiwari,603066113,603066113,,,,,PayU,Credit_Card2499,credit_card2499,credit card2499,2499,credit card,credit card,8,12,24,2024,TRXNO0005473,Aman Tiwari,603066113,12/24/2024,PayU,Credit Card,2499,Instagram,Train to Gain
TRXNO0005474//12212024|Raj|TiwariMob603156117//PayU*DEbit Card3499,TRXNO0005474,12212024|Raj|TiwariMob603156117,PayU*DEbit Card3499,12212024,Raj,TiwariMob603156117,Tiwari,603156117,603156117,,,,,PayU,DEbit Card3499,debit card3499,debit card3499,3499,debit card,debit card,8,12,21,2024,TRXNO0005474,Raj Tiwari,603156117,12/21/2024,PayU,Debit Card,3499,Instagram,Unlock Your Potential
TRXNO0005475//1292024|Priya|GuptaMob603606136*PhonePe2499,TRXNO0005475,1292024|Priya|GuptaMob603606136*PhonePe2499,,1292024,Priya,GuptaMob603606136*PhonePe2499,Gupta,603606136*PhonePe2499,603606136,PhonePe2499,PhonePe2499,2499,Phonepe,,,,,,,,7,12,9,2024,TRXNO0005475,Priya Gupta,603606136,12/9/2024,Phonepe,UPI,2499,Instagram,Unlock Your Potential
TRXNO0005476//12212024|Esha|KapoorMob604146159//PayU*Debit Card3499,TRXNO0005476,12212024|Esha|KapoorMob604146159,PayU*Debit Card3499,12212024,Esha,KapoorMob604146159,Kapoor,604146159,604146159,,,,,PayU,Debit Card3499,debit card3499,debit card3499,3499,debit card,debit card,8,12,21,2024,TRXNO0005476,Esha Kapoor,604146159,12/21/2024,PayU,Debit Card,3499,Instagram,Train to Gain
TRXNO0005477//12182024|Dev|NairMob605406212//PayU*DebItC@rd2499,TRXNO0005477,12182024|Dev|NairMob605406212,PayU*DebItC@rd2499,12182024,Dev,NairMob605406212,Nair,605406212,605406212,,,,,PayU,DebItC@rd2499,debitc@rd2499,debit card2499,2499,debit card,debit card,8,12,18,2024,TRXNO0005477,Dev Nair,605406212,12/18/2024,PayU,Debit Card,2499,Instagram,Unlock Your Potential
TRXNO0005478//12172024|Sonia|SinghMob605586219//Razorpay*CreditC@rd3499,TRXNO0005478,12172024|Sonia|SinghMob605586219,Razorpay*CreditC@rd3499,12172024,Sonia,SinghMob605586219,Singh,605586219,605586219,,,,,Razorpay,CreditC@rd3499,creditc@rd3499,credit card3499,3499,credit card,credit card,8,12,17,2024,TRXNO0005478,Sonia Singh,605586219,12/17/2024,Razorpay,Credit Card,3499,YouTube,Train to Gain
TRXNO0005479//12192024|Uma|VermaMob605766227//PayU*Credit Card3499,TRXNO0005479,12192024|Uma|VermaMob605766227,PayU*Credit Card3499,12192024,Uma,VermaMob605766227,Verma,605766227,605766227,,,,,PayU,Credit Card3499,credit card3499,credit card3499,3499,credit card,credit card,8,12,19,2024,TRXNO0005479,Uma Verma,605766227,12/19/2024,PayU,Credit Card,3499,Facebook,Unlock Your Potential
TRXNO0005480//12212024|Sharvani|KapoorMob706396253//PayU*CReditC@rd3999,TRXNO0005480,12212024|Sharvani|KapoorMob706396253,PayU*CReditC@rd3999,12212024,Sharvani,KapoorMob706396253,Kapoor,706396253,706396253,,,,,PayU,CReditC@rd3999,creditc@rd3999,credit card3999,3999,credit card,credit card,8,12,21,2024,TRXNO0005480,Sharvani Kapoor,706396253,12/21/2024,PayU,Credit Card,3999,YouTube,Train to Gain
TRXNO0005481//12162024|Karan|MehtaMob706846272//Razorpay*CredIt Card3499,TRXNO0005481,12162024|Karan|MehtaMob706846272,Razorpay*CredIt Card3499,12162024,Karan,MehtaMob706846272,Mehta,706846272,706846272,,,,,Razorpay,CredIt Card3499,credit card3499,credit card3499,3499,credit card,credit card,8,12,16,2024,TRXNO0005481,Karan Mehta,706846272,12/16/2024,Razorpay,Credit Card,3499,Instagram,Unlock Your Potential
TRXNO0005482//12142024|Sonia|SharmaMob708196329//PayU*Credit_Card1499,TRXNO0005482,12142024|Sonia|SharmaMob708196329,PayU*Credit_Card1499,12142024,Sonia,SharmaMob708196329,Sharma,708196329,708196329,,,,,PayU,Credit_Card1499,credit_card1499,credit card1499,1499,credit card,credit card,8,12,14,2024,TRXNO0005482,Sonia Sharma,708196329,12/14/2024,PayU,Credit Card,1499,Instagram,Unlock Your Potential
TRXNO0005483//12142024|Harshal|JainMob608286333*Go0gle Pay3999,TRXNO0005483,12142024|Harshal|JainMob608286333*Go0gle Pay3999,,12142024,Harshal,JainMob608286333*Go0gle Pay3999,Jain,608286333*Go0gle Pay3999,608286333,Go0gle Pay3999,Go0gle Pay3999,0,Gogle Pay3999,,,,,,,,8,12,14,2024,TRXNO0005483,Harshal Jain,608286333,12/14/2024,Gogle Pay3999,UPI,0,Instagram,Train to Gain
TRXNO0005484//12212024|Kaushik|JainMob608376336//PayU*Debit C@rd2499,TRXNO0005484,12212024|Kaushik|JainMob608376336,PayU*Debit C@rd2499,12212024,Kaushik,JainMob608376336,Jain,608376336,608376336,,,,,PayU,Debit C@rd2499,debit c@rd2499,debit card2499,2499,debit card,debit card,8,12,21,2024,TRXNO0005484,Kaushik Jain,608376336,12/21/2024,PayU,Debit Card,2499,Instagram,Train to Gain
TRXNO0005485//12272024|Shourya|SMob608826355*Go0gle Pay2499,TRXNO0005485,12272024|Shourya|SMob608826355*Go0gle Pay2499,,12272024,Shourya,SMob608826355*Go0gle Pay2499,S,608826355*Go0gle Pay2499,608826355,Go0gle Pay2499,Go0gle Pay2499,0,Gogle Pay2499,,,,,,,,8,12,27,2024,TRXNO0005485,Shourya S,608826355,12/27/2024,Gogle Pay2499,UPI,0,Instagram,Train to Gain
TRXNO0005486//12192024|Dhanush|RaoMob609456382//PayU*CReDIT Card1499,TRXNO0005486,12192024|Dhanush|RaoMob609456382,PayU*CReDIT Card1499,12192024,Dhanush,RaoMob609456382,Rao,609456382,609456382,,,,,PayU,CReDIT Card1499,credit card1499,credit card1499,1499,credit card,credit card,8,12,19,2024,TRXNO0005486,Dhanush Rao,609456382,12/19/2024,PayU,Credit Card,1499,Instagram,Unlock Your Potential
TRXNO0005487//12222024|Nalini|GhoshMob609636389*Amazon PAy3499,TRXNO0005487,12222024|Nalini|GhoshMob609636389*Amazon PAy3499,,12222024,Nalini,GhoshMob609636389*Amazon PAy3499,Ghosh,609636389*Amazon PAy3499,609636389,Amazon PAy3499,Amazon PAy3499,3499,Amazon Pay,,,,,,,,8,12,22,2024,TRXNO0005487,Nalini Ghosh,609636389,12/22/2024,Amazon Pay,UPI,3499,Instagram,Train to Gain
TRXNO0005488//12232024|Sneha|MalhotraMob709726393//Razorpay*Debit3499,TRXNO0005488,12232024|Sneha|MalhotraMob709726393,Razorpay*Debit3499,12232024,Sneha,MalhotraMob709726393,Malhotra,709726393,709726393,,,,,Razorpay,Debit3499,debit3499,debit3499,3499,debit,debit card,8,12,23,2024,TRXNO0005488,Sneha Malhotra,709726393,12/23/2024,Razorpay,Debit Card,3499,Instagram,Grow with Us
TRXNO0005489//12222024|Manish|SinghMob600086408//PayU*CreditCard2499,TRXNO0005489,12222024|Manish|SinghMob600086408,PayU*CreditCard2499,12222024,Manish,SinghMob600086408,Singh,600086408,600086408,,,,,PayU,CreditCard2499,creditcard2499,credit card2499,2499,credit card,credit card,8,12,22,2024,TRXNO0005489,Manish Singh,600086408,12/22/2024,PayU,Credit Card,2499,Instagram,Unlock Your Potential
TRXNO0005490//12252024|HarsHAl|GuptaMob600536427//Razorpay*DebitCard2499,TRXNO0005490,12252024|HarsHAl|GuptaMob600536427,Razorpay*DebitCard2499,12252024,HarsHAl,GuptaMob600536427,Gupta,600536427,600536427,,,,,Razorpay,DebitCard2499,debitcard2499,debit card2499,2499,debit card,debit card,8,12,25,2024,TRXNO0005490,Harshal Gupta,600536427,12/25/2024,Razorpay,Debit Card,2499,Instagram,Train to Gain
TRXNO0005491//12172024|Tejas|ChoudharyMob701076450//Razorpay*Debit_Card1499,TRXNO0005491,12172024|Tejas|ChoudharyMob701076450,Razorpay*Debit_Card1499,12172024,Tejas,ChoudharyMob701076450,Choudhary,701076450,701076450,,,,,Razorpay,Debit_Card1499,debit_card1499,debit card1499,1499,debit card,debit card,8,12,17,2024,TRXNO0005491,Tejas Choudhary,701076450,12/17/2024,Razorpay,Debit Card,1499,Instagram,Train to Gain
TRXNO0005492//12222024|Meera|JainMob601346461//Razorpay*CredItCard3999,TRXNO0005492,12222024|Meera|JainMob601346461,Razorpay*CredItCard3999,12222024,Meera,JainMob601346461,Jain,601346461,601346461,,,,,Razorpay,CredItCard3999,creditcard3999,credit card3999,3999,credit card,credit card,8,12,22,2024,TRXNO0005492,Meera Jain,601346461,12/22/2024,Razorpay,Credit Card,3999,YouTube,Train to Gain
TRXNO0005493//12192024|Mohan|ReddyMob601886484//Razorpay*DEbit Card1499,TRXNO0005493,12192024|Mohan|ReddyMob601886484,Razorpay*DEbit Card1499,12192024,Mohan,ReddyMob601886484,Reddy,601886484,601886484,,,,,Razorpay,DEbit Card1499,debit card1499,debit card1499,1499,debit card,debit card,8,12,19,2024,TRXNO0005493,Mohan Reddy,601886484,12/19/2024,Razorpay,Debit Card,1499,Instagram,Train to Gain
TRXNO0005494//12172024|Siddharth|AgarwalMob702156495//Razorpay*Debit Card3499,TRXNO0005494,12172024|Siddharth|AgarwalMob702156495,Razorpay*Debit Card3499,12172024,Siddharth,AgarwalMob702156495,Agarwal,702156495,702156495,,,,,Razorpay,Debit Card3499,debit card3499,debit card3499,3499,debit card,debit card,8,12,17,2024,TRXNO0005494,Siddharth Agarwal,702156495,12/17/2024,Razorpay,Debit Card,3499,Instagram,Grow with Us
TRXNO0005495//12162024|Utkarsh|MalhotraMob702246499//Razorpay*Debit_Card2499,TRXNO0005495,12162024|Utkarsh|MalhotraMob702246499,Razorpay*Debit_Card2499,12162024,Utkarsh,MalhotraMob702246499,Malhotra,702246499,702246499,,,,,Razorpay,Debit_Card2499,debit_card2499,debit card2499,2499,debit card,debit card,8,12,16,2024,TRXNO0005495,Utkarsh Malhotra,702246499,12/16/2024,Razorpay,Debit Card,2499,Instagram,Train to Gain
TRXNO0005496//12202024|Payal|TiwariMob702966529//PayU*Debit Card2499,TRXNO0005496,12202024|Payal|TiwariMob702966529,PayU*Debit Card2499,12202024,Payal,TiwariMob702966529,Tiwari,702966529,702966529,,,,,PayU,Debit Card2499,debit card2499,debit card2499,2499,debit card,debit card,8,12,20,2024,TRXNO0005496,Payal Tiwari,702966529,12/20/2024,PayU,Debit Card,2499,Instagram,Train to Gain
TRXNO0005497//12172024|Aditya|JainMob703056533//Razorpay*Credit Card2499,TRXNO0005497,12172024|Aditya|JainMob703056533,Razorpay*Credit Card2499,12172024,Aditya,JainMob703056533,Jain,703056533,703056533,,,,,Razorpay,Credit Card2499,credit card2499,credit card2499,2499,credit card,credit card,8,12,17,2024,TRXNO0005497,Aditya Jain,703056533,12/17/2024,Razorpay,Credit Card,2499,Instagram,Train to Gain
TRXNO0005498//12212024|Uma|ChopraMob703146537//Razorpay*DEbit Card3499,TRXNO0005498,12212024|Uma|ChopraMob703146537,Razorpay*DEbit Card3499,12212024,Uma,ChopraMob703146537,Chopra,703146537,703146537,,,,,Razorpay,DEbit Card3499,debit card3499,debit card3499,3499,debit card,debit card,8,12,21,2024,TRXNO0005498,Uma Chopra,703146537,12/21/2024,Razorpay,Debit Card,3499,Instagram,Grow with Us
TRXNO0005499//12132024|Garima|MehtaMob703596555*GoogleP@y3499,TRXNO0005499,12132024|Garima|MehtaMob703596555*GoogleP@y3499,,12132024,Garima,MehtaMob703596555*GoogleP@y3499,Mehta,703596555*GoogleP@y3499,703596555,GoogleP@y3499,GoogleP@y3499,3499,Googlep@Y,,,,,,,,8,12,13,2024,TRXNO0005499,Garima Mehta,703596555,12/13/2024,Googlep@Y,UPI,3499,Facebook,Train to Gain
TRXNO0005500//12182024|Madhuri|AgarwalMob604046574//PayU*CReditC@rd3499,TRXNO0005500,12182024|Madhuri|AgarwalMob604046574,PayU*CReditC@rd3499,12182024,Madhuri,AgarwalMob604046574,Agarwal,604046574,604046574,,,,,PayU,CReditC@rd3499,creditc@rd3499,credit card3499,3499,credit card,credit card,8,12,18,2024,TRXNO0005500,Madhuri Agarwal,604046574,12/18/2024,PayU,Credit Card,3499,YouTube,Unlock Your Potential
TRXNO0005501//12172024|Gautam|GuptaMob604316586//Razorpay*CReDIT Card3999,TRXNO0005501,12172024|Gautam|GuptaMob604316586,Razorpay*CReDIT Card3999,12172024,Gautam,GuptaMob604316586,Gupta,604316586,604316586,,,,,Razorpay,CReDIT Card3999,credit card3999,credit card3999,3999,credit card,credit card,8,12,17,2024,TRXNO0005501,Gautam Gupta,604316586,12/17/2024,Razorpay,Credit Card,3999,Instagram,Train to Gain
TRXNO0005502//12262024|Suraj|SharmaMob604586597//Razorpay*CReDIT Card2499,TRXNO0005502,12262024|Suraj|SharmaMob604586597,Razorpay*CReDIT Card2499,12262024,Suraj,SharmaMob604586597,Sharma,604586597,604586597,,,,,Razorpay,CReDIT Card2499,credit card2499,credit card2499,2499,credit card,credit card,8,12,26,2024,TRXNO0005502,Suraj Sharma,604586597,12/26/2024,Razorpay,Credit Card,2499,Instagram,Train to Gain
TRXNO0005503//12162024|Tarun|MehTAMob705126620//Razorpay*CReDIT Card2499,TRXNO0005503,12162024|Tarun|MehTAMob705126620,Razorpay*CReDIT Card2499,12162024,Tarun,MehTAMob705126620,MehTA,705126620,705126620,,,,,Razorpay,CReDIT Card2499,credit card2499,credit card2499,2499,credit card,credit card,8,12,16,2024,TRXNO0005503,Tarun Mehta,705126620,12/16/2024,Razorpay,Credit Card,2499,Facebook,Unlock Your Potential
TRXNO0005504//12162024|Meera|YadavMob705846650*Google pay3999,TRXNO0005504,12162024|Meera|YadavMob705846650*Google pay3999,,12162024,Meera,YadavMob705846650*Google pay3999,Yadav,705846650*Google pay3999,705846650,Google pay3999,Google pay3999,3999,Google Pay,,,,,,,,8,12,16,2024,TRXNO0005504,Meera Yadav,705846650,12/16/2024,Google Pay,UPI,3999,YouTube,Unlock Your Potential
TRXNO0005505//12172024|Jeet|NairMob606206665//Razorpay*Debit C@rd2499,TRXNO0005505,12172024|Jeet|NairMob606206665,Razorpay*Debit C@rd2499,12172024,Jeet,NairMob606206665,Nair,606206665,606206665,,,,,Razorpay,Debit C@rd2499,debit c@rd2499,debit card2499,2499,debit card,debit card,8,12,17,2024,TRXNO0005505,Jeet Nair,606206665,12/17/2024,Razorpay,Debit Card,2499,Instagram,Train to Gain
TRXNO0005506//12162024|Uma|SinghMob606656684//PayU*CReDIT Card2499,TRXNO0005506,12162024|Uma|SinghMob606656684,PayU*CReDIT Card2499,12162024,Uma,SinghMob606656684,Singh,606656684,606656684,,,,,PayU,CReDIT Card2499,credit card2499,credit card2499,2499,credit card,credit card,8,12,16,2024,TRXNO0005506,Uma Singh,606656684,12/16/2024,PayU,Credit Card,2499,YouTube,Train to Gain
TRXNO0005507//12202024|Rashmi|KapoorMob607106703*PhonePe2499,TRXNO0005507,12202024|Rashmi|KapoorMob607106703*PhonePe2499,,12202024,Rashmi,KapoorMob607106703*PhonePe2499,Kapoor,607106703*PhonePe2499,607106703,PhonePe2499,PhonePe2499,2499,Phonepe,,,,,,,,8,12,20,2024,TRXNO0005507,Rashmi Kapoor,607106703,12/20/2024,Phonepe,UPI,2499,Facebook,Train to Gain
TRXNO0005508//12192024|KrishnA|MalhotraMob607646725//PayU*Credit Card2499,TRXNO0005508,12192024|KrishnA|MalhotraMob607646725,PayU*Credit Card2499,12192024,KrishnA,MalhotraMob607646725,Malhotra,607646725,607646725,,,,,PayU,Credit Card2499,credit card2499,credit card2499,2499,credit card,credit card,8,12,19,2024,TRXNO0005508,Krishna Malhotra,607646725,12/19/2024,PayU,Credit Card,2499,Instagram,Train to Gain
TRXNO0005509//12202024|Prashant|VermaMob607826733//Razorpay*CreditC@rd2499,TRXNO0005509,12202024|Prashant|VermaMob607826733,Razorpay*CreditC@rd2499,12202024,Prashant,VermaMob607826733,Verma,607826733,607826733,,,,,Razorpay,CreditC@rd2499,creditc@rd2499,credit card2499,2499,credit card,credit card,8,12,20,2024,TRXNO0005509,Prashant Verma,607826733,12/20/2024,Razorpay,Credit Card,2499,Instagram,Train to Gain
TRXNO0005510//12122024|Esha|IyerMob608546763*Paytm2499,TRXNO0005510,12122024|Esha|IyerMob608546763*Paytm2499,,12122024,Esha,IyerMob608546763*Paytm2499,Iyer,608546763*Paytm2499,608546763,Paytm2499,Paytm2499,2499,Paytm,,,,,,,,8,12,12,2024,TRXNO0005510,Esha Iyer,608546763,12/12/2024,Paytm,UPI,2499,Instagram,Grow with Us
TRXNO0005511//12202024|Madhuri|MehtaMob708726771//PayU*Debit Card2499,TRXNO0005511,12202024|Madhuri|MehtaMob708726771,PayU*Debit Card2499,12202024,Madhuri,MehtaMob708726771,Mehta,708726771,708726771,,,,,PayU,Debit Card2499,debit card2499,debit card2499,2499,debit card,debit card,8,12,20,2024,TRXNO0005511,Madhuri Mehta,708726771,12/20/2024,PayU,Debit Card,2499,Instagram,Train to Gain
TRXNO0005512//12222024|Pranav|BansalMob609176790//PayU*DebItC@rd3499,TRXNO0005512,12222024|Pranav|BansalMob609176790,PayU*DebItC@rd3499,12222024,Pranav,BansalMob609176790,Bansal,609176790,609176790,,,,,PayU,DebItC@rd3499,debitc@rd3499,debit card3499,3499,debit card,debit card,8,12,22,2024,TRXNO0005512,Pranav Bansal,609176790,12/22/2024,PayU,Debit Card,3499,YouTube,Unlock Your Potential
TRXNO0005513//12102024|Anjali|JainMob709356797//PayU*Credit_Card3499,TRXNO0005513,12102024|Anjali|JainMob709356797,PayU*Credit_Card3499,12102024,Anjali,JainMob709356797,Jain,709356797,709356797,,,,,PayU,Credit_Card3499,credit_card3499,credit card3499,3499,credit card,credit card,8,12,10,2024,TRXNO0005513,Anjali Jain,709356797,12/10/2024,PayU,Credit Card,3499,Instagram,Train to Gain
TRXNO0005514//12202024|Nikhil|NairMob709626809//Razorpay*Debit2499,TRXNO0005514,12202024|Nikhil|NairMob709626809,Razorpay*Debit2499,12202024,Nikhil,NairMob709626809,Nair,709626809,709626809,,,,,Razorpay,Debit2499,debit2499,debit2499,2499,debit,debit card,8,12,20,2024,TRXNO0005514,Nikhil Nair,709626809,12/20/2024,Razorpay,Debit Card,2499,Instagram,Unlock Your Potential
TRXNO0005515//12152024|Omkar|GhoshMob709806816//Razorpay*DebitCard1499,TRXNO0005515,12152024|Omkar|GhoshMob709806816,Razorpay*DebitCard1499,12152024,Omkar,GhoshMob709806816,Ghosh,709806816,709806816,,,,,Razorpay,DebitCard1499,debitcard1499,debit card1499,1499,debit card,debit card,8,12,15,2024,TRXNO0005515,Omkar Ghosh,709806816,12/15/2024,Razorpay,Debit Card,1499,YouTube,Train to Gain
TRXNO0005516//12232024|Tanisha|VermaMob600436843//PayU*Debit_Card3499,TRXNO0005516,12232024|Tanisha|VermaMob600436843,PayU*Debit_Card3499,12232024,Tanisha,VermaMob600436843,Verma,600436843,600436843,,,,,PayU,Debit_Card3499,debit_card3499,debit card3499,3499,debit card,debit card,8,12,23,2024,TRXNO0005516,Tanisha Verma,600436843,12/23/2024,PayU,Debit Card,3499,Instagram,Train to Gain
TRXNO0005517//12192024|Radha|IyerMob700796858*Go0gle Pay3499,TRXNO0005517,12192024|Radha|IyerMob700796858*Go0gle Pay3499,,12192024,Radha,IyerMob700796858*Go0gle Pay3499,Iyer,700796858*Go0gle Pay3499,700796858,Go0gle Pay3499,Go0gle Pay3499,0,Gogle Pay3499,,,,,,,,8,12,19,2024,TRXNO0005517,Radha Iyer,700796858,12/19/2024,Gogle Pay3499,UPI,0,YouTube,Unlock Your Potential
TRXNO0005518//12172024|Rishabh|RaoMob701246877//Razorpay*Debit C@rd3499,TRXNO0005518,12172024|Rishabh|RaoMob701246877,Razorpay*Debit C@rd3499,12172024,Rishabh,RaoMob701246877,Rao,701246877,701246877,,,,,Razorpay,Debit C@rd3499,debit c@rd3499,debit card3499,3499,debit card,debit card,8,12,17,2024,TRXNO0005518,Rishabh Rao,701246877,12/17/2024,Razorpay,Debit Card,3499,Instagram,Grow with Us
TRXNO0005519//12222024|Ishan|IyerMob601516888//PayU*CreditCard3999,TRXNO0005519,12222024|Ishan|IyerMob601516888,PayU*CreditCard3999,12222024,Ishan,IyerMob601516888,Iyer,601516888,601516888,,,,,PayU,CreditCard3999,creditcard3999,credit card3999,3999,credit card,credit card,8,12,22,2024,TRXNO0005519,Ishan Iyer,601516888,12/22/2024,PayU,Credit Card,3999,Instagram,Train to Gain
TRXNO0005520//12232024|Charvi|IyerMob701696895//PayU*CReDIT Card2499,TRXNO0005520,12232024|Charvi|IyerMob701696895,PayU*CReDIT Card2499,12232024,Charvi,IyerMob701696895,Iyer,701696895,701696895,,,,,PayU,CReDIT Card2499,credit card2499,credit card2499,2499,credit card,credit card,8,12,23,2024,TRXNO0005520,Charvi Iyer,701696895,12/23/2024,PayU,Credit Card,2499,Instagram,Unlock Your Potential
TRXNO0005521//12192024|Kaushik|PateLMob601876903*Amazon Pay3999,TRXNO0005521,12192024|Kaushik|PateLMob601876903*Amazon Pay3999,,12192024,Kaushik,PateLMob601876903*Amazon Pay3999,PateL,601876903*Amazon Pay3999,601876903,Amazon Pay3999,Amazon Pay3999,3999,Amazon Pay,,,,,,,,8,12,19,2024,TRXNO0005521,Kaushik Patel,601876903,12/19/2024,Amazon Pay,UPI,3999,Instagram,Unlock Your Potential
TRXNO0005522//1282024|Jaidev|IyerMob602146914//PayU*CReditC@rd3499,TRXNO0005522,1282024|Jaidev|IyerMob602146914,PayU*CReditC@rd3499,1282024,Jaidev,IyerMob602146914,Iyer,602146914,602146914,,,,,PayU,CReditC@rd3499,creditc@rd3499,credit card3499,3499,credit card,credit card,7,12,8,2024,TRXNO0005522,Jaidev Iyer,602146914,12/8/2024,PayU,Credit Card,3499,Instagram,Train to Gain
TRXNO0005523//12202024|Anand|GhoshMob702326922//Razorpay*CredIt Card3499,TRXNO0005523,12202024|Anand|GhoshMob702326922,Razorpay*CredIt Card3499,12202024,Anand,GhoshMob702326922,Ghosh,702326922,702326922,,,,,Razorpay,CredIt Card3499,credit card3499,credit card3499,3499,credit card,credit card,8,12,20,2024,TRXNO0005523,Anand Ghosh,702326922,12/20/2024,Razorpay,Credit Card,3499,Instagram,Unlock Your Potential
TRXNO0005524//12202024|Kamini|VermaMob602416926//Razorpay*CredItCard2499,TRXNO0005524,12202024|Kamini|VermaMob602416926,Razorpay*CredItCard2499,12202024,Kamini,VermaMob602416926,Verma,602416926,602416926,,,,,Razorpay,CredItCard2499,creditcard2499,credit card2499,2499,credit card,credit card,8,12,20,2024,TRXNO0005524,Kamini Verma,602416926,12/20/2024,Razorpay,Credit Card,2499,Instagram,Unlock Your Potential
TRXNO0005525//12212024|Gautam|KapoorMob702596933//Razorpay*CReDIT Card2499,TRXNO0005525,12212024|Gautam|KapoorMob702596933,Razorpay*CReDIT Card2499,12212024,Gautam,KapoorMob702596933,Kapoor,702596933,702596933,,,,,Razorpay,CReDIT Card2499,credit card2499,credit card2499,2499,credit card,credit card,8,12,21,2024,TRXNO0005525,Gautam Kapoor,702596933,12/21/2024,Razorpay,Credit Card,2499,Instagram,Train to Gain
TRXNO0005526//12172024|Nisha|GhoshMob603406967//Razorpay*CReDIT Card3499,TRXNO0005526,12172024|Nisha|GhoshMob603406967,Razorpay*CReDIT Card3499,12172024,Nisha,GhoshMob603406967,Ghosh,603406967,603406967,,,,,Razorpay,CReDIT Card3499,credit card3499,credit card3499,3499,credit card,credit card,8,12,17,2024,TRXNO0005526,Nisha Ghosh,603406967,12/17/2024,Razorpay,Credit Card,3499,Instagram,Train to Gain
TRXNO0005527//12202024|Aarav|VermaMob703766982//Razorpay*DEbit Card2499,TRXNO0005527,12202024|Aarav|VermaMob703766982,Razorpay*DEbit Card2499,12202024,Aarav,VermaMob703766982,Verma,703766982,703766982,,,,,Razorpay,DEbit Card2499,debit card2499,debit card2499,2499,debit card,debit card,8,12,20,2024,TRXNO0005527,Aarav Verma,703766982,12/20/2024,Razorpay,Debit Card,2499,YouTube,Grow with Us
TRXNO0005528//12202024|Trisha|ChoudharyMob603856986//Razorpay*Debit1499,TRXNO0005528,12202024|Trisha|ChoudharyMob603856986,Razorpay*Debit1499,12202024,Trisha,ChoudharyMob603856986,Choudhary,603856986,603856986,,,,,Razorpay,Debit1499,debit1499,debit1499,1499,debit,debit card,8,12,20,2024,TRXNO0005528,Trisha Choudhary,603856986,12/20/2024,Razorpay,Debit Card,1499,YouTube,Train to Gain
TRXNO0005529//12132024|Zara|JainMob604126997//PayU*Debit C@rd2499,TRXNO0005529,12132024|Zara|JainMob604126997,PayU*Debit C@rd2499,12132024,Zara,JainMob604126997,Jain,604126997,604126997,,,,,PayU,Debit C@rd2499,debit c@rd2499,debit card2499,2499,debit card,debit card,8,12,13,2024,TRXNO0005529,Zara Jain,604126997,12/13/2024,PayU,Debit Card,2499,Instagram,Unlock Your Potential
TRXNO0005530//12202024|Suraj|BansalMob604577016//Razorpay*Credit Card2499,TRXNO0005530,12202024|Suraj|BansalMob604577016,Razorpay*Credit Card2499,12202024,Suraj,BansalMob604577016,Bansal,604577016,604577016,,,,,Razorpay,Credit Card2499,credit card2499,credit card2499,2499,credit card,credit card,8,12,20,2024,TRXNO0005530,Suraj Bansal,604577016,12/20/2024,Razorpay,Credit Card,2499,Instagram,Grow with Us
TRXNO0005531//12112024|Aarohi|ReddyMob605027035//Razorpay*DebitCard3499,TRXNO0005531,12112024|Aarohi|ReddyMob605027035,Razorpay*DebitCard3499,12112024,Aarohi,ReddyMob605027035,Reddy,605027035,605027035,,,,,Razorpay,DebitCard3499,debitcard3499,debit card3499,3499,debit card,debit card,8,12,11,2024,TRXNO0005531,Aarohi Reddy,605027035,12/11/2024,Razorpay,Debit Card,3499,Instagram,Train to Gain
TRXNO0005532//12212024|Pallavi|MalhotraMob705117039*GPay3499,TRXNO0005532,12212024|Pallavi|MalhotraMob705117039*GPay3499,,12212024,Pallavi,MalhotraMob705117039*GPay3499,Malhotra,705117039*GPay3499,705117039,GPay3499,GPay3499,3499,Gpay,,,,,,,,8,12,21,2024,TRXNO0005532,Pallavi Malhotra,705117039,12/21/2024,Gpay,UPI,3499,Instagram,Grow with Us
TRXNO0005533//12212024|Sonia|ReddyMob705297047//PayU*DebitCard2499,TRXNO0005533,12212024|Sonia|ReddyMob705297047,PayU*DebitCard2499,12212024,Sonia,ReddyMob705297047,Reddy,705297047,705297047,,,,,PayU,DebitCard2499,debitcard2499,debit card2499,2499,debit card,debit card,8,12,21,2024,TRXNO0005533,Sonia Reddy,705297047,12/21/2024,PayU,Debit Card,2499,Instagram,Unlock Your Potential
TRXNO0005534//12142024|Yamini|VermaMob605837069//PayU*Credit_Card2499,TRXNO0005534,12142024|Yamini|VermaMob605837069,PayU*Credit_Card2499,12142024,Yamini,VermaMob605837069,Verma,605837069,605837069,,,,,PayU,Credit_Card2499,credit_card2499,credit card2499,2499,credit card,credit card,8,12,14,2024,TRXNO0005534,Yamini Verma,605837069,12/14/2024,PayU,Credit Card,2499,Instagram,Train to Gain
TRXNO0005535//12212024|Shaurya|JainMob705927073*GoogleP@y3499,TRXNO0005535,12212024|Shaurya|JainMob705927073*GoogleP@y3499,,12212024,Shaurya,JainMob705927073*GoogleP@y3499,Jain,705927073*GoogleP@y3499,705927073,GoogleP@y3499,GoogleP@y3499,3499,Googlep@Y,,,,,,,,8,12,21,2024,TRXNO0005535,Shaurya Jain,705927073,12/21/2024,Googlep@Y,UPI,3499,YouTube,Grow with Us
TRXNO0005536//12192024|Sagar|TiwariMob706030707//Razorpay*CreditC@rd2499,TRXNO0005536,12192024|Sagar|TiwariMob706030707,Razorpay*CreditC@rd2499,12192024,Sagar,TiwariMob706030707,Tiwari,706030707,706030707,,,,,Razorpay,CreditC@rd2499,creditc@rd2499,credit card2499,2499,credit card,credit card,8,12,19,2024,TRXNO0005536,Sagar Tiwari,706030707,12/19/2024,Razorpay,Credit Card,2499,YouTube,Train to Gain
TRXNO0005537//12172024|Aditi|ChoudharyMob707367133*Amazon Pay2499,TRXNO0005537,12172024|Aditi|ChoudharyMob707367133*Amazon Pay2499,,12172024,Aditi,ChoudharyMob707367133*Amazon Pay2499,Choudhary,707367133*Amazon Pay2499,707367133,Amazon Pay2499,Amazon Pay2499,2499,Amazon Pay,,,,,,,,8,12,17,2024,TRXNO0005537,Aditi Choudhary,707367133,12/17/2024,Amazon Pay,UPI,2499,YouTube,Train to Gain
TRXNO0005538//1292024|Chetan|TiwariMob707727149//Razorpay*Debit Card3499,TRXNO0005538,1292024|Chetan|TiwariMob707727149,Razorpay*Debit Card3499,1292024,Chetan,TiwariMob707727149,Tiwari,707727149,707727149,,,,,Razorpay,Debit Card3499,debit card3499,debit card3499,3499,debit card,debit card,7,12,9,2024,TRXNO0005538,Chetan Tiwari,707727149,12/9/2024,Razorpay,Debit Card,3499,Facebook,Unlock Your Potential
TRXNO0005539//12212024|Gagan|PatelMob708177167//Razorpay*Debit C@rd2499,TRXNO0005539,12212024|Gagan|PatelMob708177167,Razorpay*Debit C@rd2499,12212024,Gagan,PatelMob708177167,Patel,708177167,708177167,,,,,Razorpay,Debit C@rd2499,debit c@rd2499,debit card2499,2499,debit card,debit card,8,12,21,2024,TRXNO0005539,Gagan Patel,708177167,12/21/2024,Razorpay,Debit Card,2499,Instagram,Train to Gain
TRXNO0005540//12182024|IshaN    |PatelMob608447179//PayU*CreditCard3499,TRXNO0005540,12182024|IshaN    |PatelMob608447179,PayU*CreditCard3499,12182024,IshaN    ,PatelMob608447179,Patel,608447179,608447179,,,,,PayU,CreditCard3499,creditcard3499,credit card3499,3499,credit card,credit card,8,12,18,2024,TRXNO0005540,Ishan     Patel,608447179,12/18/2024,PayU,Credit Card,3499,Instagram,Train to Gain
TRXNO0005541//12142024|Krishna|IyerMob708537183*Google pay3499,TRXNO0005541,12142024|Krishna|IyerMob708537183*Google pay3499,,12142024,Krishna,IyerMob708537183*Google pay3499,Iyer,708537183*Google pay3499,708537183,Google pay3499,Google pay3499,3499,Google Pay,,,,,,,,8,12,14,2024,TRXNO0005541,Krishna Iyer,708537183,12/14/2024,Google Pay,UPI,3499,Instagram,Train to Gain
TRXNO0005542//12122024|Lavanya|MehtaMob609077205//PayU*Credit Card2499,TRXNO0005542,12122024|Lavanya|MehtaMob609077205,PayU*Credit Card2499,12122024,Lavanya,MehtaMob609077205,Mehta,609077205,609077205,,,,,PayU,Credit Card2499,credit card2499,credit card2499,2499,credit card,credit card,8,12,12,2024,TRXNO0005542,Lavanya Mehta,609077205,12/12/2024,PayU,Credit Card,2499,Instagram,Train to Gain
TRXNO0005543//12242024|Akash|RaoMob609437220//Razorpay*CReDIT Card3499,TRXNO0005543,12242024|Akash|RaoMob609437220,Razorpay*CReDIT Card3499,12242024,Akash,RaoMob609437220,Rao,609437220,609437220,,,,,Razorpay,CReDIT Card3499,credit card3499,credit card3499,3499,credit card,credit card,8,12,24,2024,TRXNO0005543,Akash Rao,609437220,12/24/2024,Razorpay,Credit Card,3499,Instagram,Unlock Your Potential
TRXNO0005544//12162024|JeeT|KapoorMob609527224//Razorpay*Debit2499,TRXNO0005544,12162024|JeeT|KapoorMob609527224,Razorpay*Debit2499,12162024,JeeT,KapoorMob609527224,Kapoor,609527224,609527224,,,,,Razorpay,Debit2499,debit2499,debit2499,2499,debit,debit card,8,12,16,2024,TRXNO0005544,Jeet Kapoor,609527224,12/16/2024,Razorpay,Debit Card,2499,Instagram,Unlock Your Potential
TRXNO0005545//12212024|Urvashi|VermaMob709707232//Razorpay*CredIt Card1499,TRXNO0005545,12212024|Urvashi|VermaMob709707232,Razorpay*CredIt Card1499,12212024,Urvashi,VermaMob709707232,Verma,709707232,709707232,,,,,Razorpay,CredIt Card1499,credit card1499,credit card1499,1499,credit card,credit card,8,12,21,2024,TRXNO0005545,Urvashi Verma,709707232,12/21/2024,Razorpay,Credit Card,1499,Facebook,Unlock Your Potential
TRXNO0005546//12242024|Govind|MalhotraMob609797235//Razorpay*CredItCard2499,TRXNO0005546,12242024|Govind|MalhotraMob609797235,Razorpay*CredItCard2499,12242024,Govind,MalhotraMob609797235,Malhotra,609797235,609797235,,,,,Razorpay,CredItCard2499,creditcard2499,credit card2499,2499,credit card,credit card,8,12,24,2024,TRXNO0005546,Govind Malhotra,609797235,12/24/2024,Razorpay,Credit Card,2499,YouTube,Train to Gain
TRXNO0005547//12252024|Uday|MehtaMob709977243//Razorpay*DebitCard3499,TRXNO0005547,12252024|Uday|MehtaMob709977243,Razorpay*DebitCard3499,12252024,Uday,MehtaMob709977243,Mehta,709977243,709977243,,,,,Razorpay,DebitCard3499,debitcard3499,debit card3499,3499,debit card,debit card,8,12,25,2024,TRXNO0005547,Uday Mehta,709977243,12/25/2024,Razorpay,Debit Card,3499,Instagram,Unlock Your Potential
TRXNO0005548//1292024|Lavanya|SharmaMob600067247//Razorpay*Debit_Card2499,TRXNO0005548,1292024|Lavanya|SharmaMob600067247,Razorpay*Debit_Card2499,1292024,Lavanya,SharmaMob600067247,Sharma,600067247,600067247,,,,,Razorpay,Debit_Card2499,debit_card2499,debit card2499,2499,debit card,debit card,7,12,9,2024,TRXNO0005548,Lavanya Sharma,600067247,12/9/2024,Razorpay,Debit Card,2499,YouTube,Train to Gain
TRXNO0005549//12122024|Lavanya|RaoMob600517266//Razorpay*Debit C@rd2499,TRXNO0005549,12122024|Lavanya|RaoMob600517266,Razorpay*Debit C@rd2499,12122024,Lavanya,RaoMob600517266,Rao,600517266,600517266,,,,,Razorpay,Debit C@rd2499,debit c@rd2499,debit card2499,2499,debit card,debit card,8,12,12,2024,TRXNO0005549,Lavanya Rao,600517266,12/12/2024,Razorpay,Debit Card,2499,Instagram,Train to Gain
TRXNO0005550//12232024|Krishna|AgarwaLMob700877281*G0gle pay2499,TRXNO0005550,12232024|Krishna|AgarwaLMob700877281*G0gle pay2499,,12232024,Krishna,AgarwaLMob700877281*G0gle pay2499,AgarwaL,700877281*G0gle pay2499,700877281,G0gle pay2499,G0gle pay2499,0,Ggle Pay2499,,,,,,,,8,12,23,2024,TRXNO0005550,Krishna Agarwal,700877281,12/23/2024,Ggle Pay2499,UPI,0,YouTube,Train to Gain
TRXNO0005551//12302024|Pallavi|KapoorMob601057288//PayU*Credit_Card3499,TRXNO0005551,12302024|Pallavi|KapoorMob601057288,PayU*Credit_Card3499,12302024,Pallavi,KapoorMob601057288,Kapoor,601057288,601057288,,,,,PayU,Credit_Card3499,credit_card3499,credit card3499,3499,credit card,credit card,8,12,30,2024,TRXNO0005551,Pallavi Kapoor,601057288,12/30/2024,PayU,Credit Card,3499,YouTube,Train to Gain
TRXNO0005552//12172024|Dhruv|MehtaMob601417303*Amazon Pay2499,TRXNO0005552,12172024|Dhruv|MehtaMob601417303*Amazon Pay2499,,12172024,Dhruv,MehtaMob601417303*Amazon Pay2499,Mehta,601417303*Amazon Pay2499,601417303,Amazon Pay2499,Amazon Pay2499,2499,Amazon Pay,,,,,,,,8,12,17,2024,TRXNO0005552,Dhruv Mehta,601417303,12/17/2024,Amazon Pay,UPI,2499,Instagram,Grow with Us
TRXNO0005553//12142024|adarsh|KMob702047330//Razorpay*Credit Card3499,TRXNO0005553,12142024|adarsh|KMob702047330,Razorpay*Credit Card3499,12142024,adarsh,KMob702047330,K,702047330,702047330,,,,,Razorpay,Credit Card3499,credit card3499,credit card3499,3499,credit card,credit card,8,12,14,2024,TRXNO0005553,Adarsh K,702047330,12/14/2024,Razorpay,Credit Card,3499,YouTube,Unlock Your Potential
TRXNO0005554//12292024|Indrajit|GhoshMob702587353//PayU*Credit Card1499,TRXNO0005554,12292024|Indrajit|GhoshMob702587353,PayU*Credit Card1499,12292024,Indrajit,GhoshMob702587353,Ghosh,702587353,702587353,,,,,PayU,Credit Card1499,credit card1499,credit card1499,1499,credit card,credit card,8,12,29,2024,TRXNO0005554,Indrajit Ghosh,702587353,12/29/2024,PayU,Credit Card,1499,YouTube,Train to Gain
TRXNO0005555//12112024|Gagan|SinghMob702857364//Razorpay*DEbit Card2499,TRXNO0005555,12112024|Gagan|SinghMob702857364,Razorpay*DEbit Card2499,12112024,Gagan,SinghMob702857364,Singh,702857364,702857364,,,,,Razorpay,DEbit Card2499,debit card2499,debit card2499,2499,debit card,debit card,8,12,11,2024,TRXNO0005555,Gagan Singh,702857364,12/11/2024,Razorpay,Debit Card,2499,Instagram,Train to Gain
TRXNO0005556//12202024|Vikas|BansalMob703037371//Razorpay*Debit Card3499,TRXNO0005556,12202024|Vikas|BansalMob703037371,Razorpay*Debit Card3499,12202024,Vikas,BansalMob703037371,Bansal,703037371,703037371,,,,,Razorpay,Debit Card3499,debit card3499,debit card3499,3499,debit card,debit card,8,12,20,2024,TRXNO0005556,Vikas Bansal,703037371,12/20/2024,Razorpay,Debit Card,3499,YouTube,Grow with Us
TRXNO0005557//12152024|Urvashi|BansalMob703307383//PayU*Debit_Card3499,TRXNO0005557,12152024|Urvashi|BansalMob703307383,PayU*Debit_Card3499,12152024,Urvashi,BansalMob703307383,Bansal,703307383,703307383,,,,,PayU,Debit_Card3499,debit_card3499,debit card3499,3499,debit card,debit card,8,12,15,2024,TRXNO0005557,Urvashi Bansal,703307383,12/15/2024,PayU,Debit Card,3499,Instagram,Grow with Us
TRXNO0005558//12212024|Harshal|NairMob703487390*Amazon PAy3999,TRXNO0005558,12212024|Harshal|NairMob703487390*Amazon PAy3999,,12212024,Harshal,NairMob703487390*Amazon PAy3999,Nair,703487390*Amazon PAy3999,703487390,Amazon PAy3999,Amazon PAy3999,3999,Amazon Pay,,,,,,,,8,12,21,2024,TRXNO0005558,Harshal Nair,703487390,12/21/2024,Amazon Pay,UPI,3999,YouTube,Train to Gain
TRXNO0005559//12202024|Esha|JainMob604117417//PayU*CReditC@rd2499,TRXNO0005559,12202024|Esha|JainMob604117417,PayU*CReditC@rd2499,12202024,Esha,JainMob604117417,Jain,604117417,604117417,,,,,PayU,CReditC@rd2499,creditc@rd2499,credit card2499,2499,credit card,credit card,8,12,20,2024,TRXNO0005559,Esha Jain,604117417,12/20/2024,PayU,Credit Card,2499,YouTube,Train to Gain
TRXNO0005560//12182024|Dhruv|YadavMob704207421//Razorpay*Debit3499,TRXNO0005560,12182024|Dhruv|YadavMob704207421,Razorpay*Debit3499,12182024,Dhruv,YadavMob704207421,Yadav,704207421,704207421,,,,,Razorpay,Debit3499,debit3499,debit3499,3499,debit,debit card,8,12,18,2024,TRXNO0005560,Dhruv Yadav,704207421,12/18/2024,Razorpay,Debit Card,3499,Instagram,Unlock Your Potential
TRXNO0005561//12162024|Lavanya|RMob604747443//PayU*DEbit Card2499,TRXNO0005561,12162024|Lavanya|RMob604747443,PayU*DEbit Card2499,12162024,Lavanya,RMob604747443,R,604747443,604747443,,,,,PayU,DEbit Card2499,debit card2499,debit card2499,2499,debit card,debit card,8,12,16,2024,TRXNO0005561,Lavanya R,604747443,12/16/2024,PayU,Debit Card,2499,YouTube,Train to Gain
TRXNO0005562//12192024|Juhi|PatelMob604927451//PayU*CReDIT Card2499,TRXNO0005562,12192024|Juhi|PatelMob604927451,PayU*CReDIT Card2499,12192024,Juhi,PatelMob604927451,Patel,604927451,604927451,,,,,PayU,CReDIT Card2499,credit card2499,credit card2499,2499,credit card,credit card,8,12,19,2024,TRXNO0005562,Juhi Patel,604927451,12/19/2024,PayU,Credit Card,2499,Instagram,Train to Gain
TRXNO0005563//12212024|Shipra|MalhotraMob605017455//PayU*Debit Card3499,TRXNO0005563,12212024|Shipra|MalhotraMob605017455,PayU*Debit Card3499,12212024,Shipra,MalhotraMob605017455,Malhotra,605017455,605017455,,,,,PayU,Debit Card3499,debit card3499,debit card3499,3499,debit card,debit card,8,12,21,2024,TRXNO0005563,Shipra Malhotra,605017455,12/21/2024,PayU,Debit Card,3499,Instagram,Train to Gain
TRXNO0005564//1292024|Yamini|JainMob705197462//PayU*CReDIT Card2499,TRXNO0005564,1292024|Yamini|JainMob705197462,PayU*CReDIT Card2499,1292024,Yamini,JainMob705197462,Jain,705197462,705197462,,,,,PayU,CReDIT Card2499,credit card2499,credit card2499,2499,credit card,credit card,7,12,9,2024,TRXNO0005564,Yamini Jain,705197462,12/9/2024,PayU,Credit Card,2499,YouTube,Unlock Your Potential
TRXNO0005565//12162024|Rashmi|SinghMob705827489//Razorpay*CreditC@rd2499,TRXNO0005565,12162024|Rashmi|SinghMob705827489,Razorpay*CreditC@rd2499,12162024,Rashmi,SinghMob705827489,Singh,705827489,705827489,,,,,Razorpay,CreditC@rd2499,creditc@rd2499,credit card2499,2499,credit card,credit card,8,12,16,2024,TRXNO0005565,Rashmi Singh,705827489,12/16/2024,Razorpay,Credit Card,2499,YouTube,Train to Gain
TRXNO0005566//12162024|Sagar|MalhotraMob706007496//PayU*Credit Card3499,TRXNO0005566,12162024|Sagar|MalhotraMob706007496,PayU*Credit Card3499,12162024,Sagar,MalhotraMob706007496,Malhotra,706007496,706007496,,,,,PayU,Credit Card3499,credit card3499,credit card3499,3499,credit card,credit card,8,12,16,2024,TRXNO0005566,Sagar Malhotra,706007496,12/16/2024,PayU,Credit Card,3499,Instagram,Unlock Your Potential
TRXNO0005567//12202024|Tanya|NairMob606457515*Amazon Pay3499,TRXNO0005567,12202024|Tanya|NairMob606457515*Amazon Pay3499,,12202024,Tanya,NairMob606457515*Amazon Pay3499,Nair,606457515*Amazon Pay3499,606457515,Amazon Pay3499,Amazon Pay3499,3499,Amazon Pay,,,,,,,,8,12,20,2024,TRXNO0005567,Tanya Nair,606457515,12/20/2024,Amazon Pay,UPI,3499,YouTube,Unlock Your Potential
TRXNO0005568//12242024|Sonia|IyerMob707087541//PayU*Debit Card3499,TRXNO0005568,12242024|Sonia|IyerMob707087541,PayU*Debit Card3499,12242024,Sonia,IyerMob707087541,Iyer,707087541,707087541,,,,,PayU,Debit Card3499,debit card3499,debit card3499,3499,debit card,debit card,8,12,24,2024,TRXNO0005568,Sonia Iyer,707087541,12/24/2024,PayU,Debit Card,3499,YouTube,Unlock Your Potential
TRXNO0005569//12202024|Raj|PatelMob707537560*Google pay3499,TRXNO0005569,12202024|Raj|PatelMob707537560*Google pay3499,,12202024,Raj,PatelMob707537560*Google pay3499,Patel,707537560*Google pay3499,707537560,Google pay3499,Google pay3499,3499,Google Pay,,,,,,,,8,12,20,2024,TRXNO0005569,Raj Patel,707537560,12/20/2024,Google Pay,UPI,3499,YouTube,Train to Gain
TRXNO0005570//12222024|Aman  |GhoshMob708257591//PayU*Debit C@rd2499,TRXNO0005570,12222024|Aman  |GhoshMob708257591,PayU*Debit C@rd2499,12222024,Aman  ,GhoshMob708257591,Ghosh,708257591,708257591,,,,,PayU,Debit C@rd2499,debit c@rd2499,debit card2499,2499,debit card,debit card,8,12,22,2024,TRXNO0005570,Aman   Ghosh,708257591,12/22/2024,PayU,Debit Card,2499,Instagram,Unlock Your Potential
TRXNO0005571//12132024|Govind|PatelMob708347594//Razorpay*CredIt Card2499,TRXNO0005571,12132024|Govind|PatelMob708347594,Razorpay*CredIt Card2499,12132024,Govind,PatelMob708347594,Patel,708347594,708347594,,,,,Razorpay,CredIt Card2499,credit card2499,credit card2499,2499,credit card,credit card,8,12,13,2024,TRXNO0005571,Govind Patel,708347594,12/13/2024,Razorpay,Credit Card,2499,Instagram,Grow with Us
TRXNO0005572//12222024|Nupur|KapoorMob708437598//PayU*CreditC@rd3499,TRXNO0005572,12222024|Nupur|KapoorMob708437598,PayU*CreditC@rd3499,12222024,Nupur,KapoorMob708437598,Kapoor,708437598,708437598,,,,,PayU,CreditC@rd3499,creditc@rd3499,credit card3499,3499,credit card,credit card,8,12,22,2024,TRXNO0005572,Nupur Kapoor,708437598,12/22/2024,PayU,Credit Card,3499,YouTube,Unlock Your Potential
TRXNO0005573//12162024|Surbhi|VermaMob708977621//Razorpay*CredItCard3499,TRXNO0005573,12162024|Surbhi|VermaMob708977621,Razorpay*CredItCard3499,12162024,Surbhi,VermaMob708977621,Verma,708977621,708977621,,,,,Razorpay,CredItCard3499,creditcard3499,credit card3499,3499,credit card,credit card,8,12,16,2024,TRXNO0005573,Surbhi Verma,708977621,12/16/2024,Razorpay,Credit Card,3499,Instagram,Train to Gain
TRXNO0005574//12152024|Jeet|SharMa   Mob609427640//Razorpay*DebitCard1499,TRXNO0005574,12152024|Jeet|SharMa   Mob609427640,Razorpay*DebitCard1499,12152024,Jeet,SharMa   Mob609427640,SharMa   ,609427640,609427640,,,,,Razorpay,DebitCard1499,debitcard1499,debit card1499,1499,debit card,debit card,8,12,15,2024,TRXNO0005574,Jeet Sharma   ,609427640,12/15/2024,Razorpay,Debit Card,1499,Facebook,Train to Gain
TRXNO0005575//12182024|Komal|MalhotraMob609517643//PayU*CReDIT Card1499,TRXNO0005575,12182024|Komal|MalhotraMob609517643,PayU*CReDIT Card1499,12182024,Komal,MalhotraMob609517643,Malhotra,609517643,609517643,,,,,PayU,CReDIT Card1499,credit card1499,credit card1499,1499,credit card,credit card,8,12,18,2024,TRXNO0005575,Komal Malhotra,609517643,12/18/2024,PayU,Credit Card,1499,Instagram,Train to Gain
TRXNO0005576//12132024|Ritika|KapoorMob609877659//PayU*DebitCard2499,TRXNO0005576,12132024|Ritika|KapoorMob609877659,PayU*DebitCard2499,12132024,Ritika,KapoorMob609877659,Kapoor,609877659,609877659,,,,,PayU,DebitCard2499,debitcard2499,debit card2499,2499,debit card,debit card,8,12,13,2024,TRXNO0005576,Ritika Kapoor,609877659,12/13/2024,PayU,Debit Card,2499,Instagram,Train to Gain
TRXNO0005577//12242024|Tanisha|GhoshMob700417681//PayU*DebItC@rd3499,TRXNO0005577,12242024|Tanisha|GhoshMob700417681,PayU*DebItC@rd3499,12242024,Tanisha,GhoshMob700417681,Ghosh,700417681,700417681,,,,,PayU,DebItC@rd3499,debitc@rd3499,debit card3499,3499,debit card,debit card,8,12,24,2024,TRXNO0005577,Tanisha Ghosh,700417681,12/24/2024,PayU,Debit Card,3499,Facebook,Grow with Us
TRXNO0005578//12192024|Anjali|AgarwalMob600687693//Razorpay*Credit Card1499,TRXNO0005578,12192024|Anjali|AgarwalMob600687693,Razorpay*Credit Card1499,12192024,Anjali,AgarwalMob600687693,Agarwal,600687693,600687693,,,,,Razorpay,Credit Card1499,credit card1499,credit card1499,1499,credit card,credit card,8,12,19,2024,TRXNO0005578,Anjali Agarwal,600687693,12/19/2024,Razorpay,Credit Card,1499,Instagram,Train to Gain
TRXNO0005579//12182024|Esha|ChoudharyMob601227715//PayU*Debit_Card3999,TRXNO0005579,12182024|Esha|ChoudharyMob601227715,PayU*Debit_Card3999,12182024,Esha,ChoudharyMob601227715,Choudhary,601227715,601227715,,,,,PayU,Debit_Card3999,debit_card3999,debit card3999,3999,debit card,debit card,8,12,18,2024,TRXNO0005579,Esha Choudhary,601227715,12/18/2024,PayU,Debit Card,3999,Instagram,Grow with Us
TRXNO0005580//12242024|Anjali|NairMob701587730//Razorpay*CreditC@rd3499,TRXNO0005580,12242024|Anjali|NairMob701587730,Razorpay*CreditC@rd3499,12242024,Anjali,NairMob701587730,Nair,701587730,701587730,,,,,Razorpay,CreditC@rd3499,creditc@rd3499,credit card3499,3499,credit card,credit card,8,12,24,2024,TRXNO0005580,Anjali Nair,701587730,12/24/2024,Razorpay,Credit Card,3499,YouTube,Unlock Your Potential
TRXNO0005581//12232024|Vishal|RaoMob601857742//PayU*DEbit Card3499,TRXNO0005581,12232024|Vishal|RaoMob601857742,PayU*DEbit Card3499,12232024,Vishal,RaoMob601857742,Rao,601857742,601857742,,,,,PayU,DEbit Card3499,debit card3499,debit card3499,3499,debit card,debit card,8,12,23,2024,TRXNO0005581,Vishal Rao,601857742,12/23/2024,PayU,Debit Card,3499,Instagram,Train to Gain
TRXNO0005582//12242024|Sanjay|ChopraMob702127753//Razorpay*CReDIT Card2499,TRXNO0005582,12242024|Sanjay|ChopraMob702127753,Razorpay*CReDIT Card2499,12242024,Sanjay,ChopraMob702127753,Chopra,702127753,702127753,,,,,Razorpay,CReDIT Card2499,credit card2499,credit card2499,2499,credit card,credit card,8,12,24,2024,TRXNO0005582,Sanjay Chopra,702127753,12/24/2024,Razorpay,Credit Card,2499,YouTube,Train to Gain
TRXNO0005583//12172024|Shivam|ChopraMob602307761//Razorpay*Debit Card3499,TRXNO0005583,12172024|Shivam|ChopraMob602307761,Razorpay*Debit Card3499,12172024,Shivam,ChopraMob602307761,Chopra,602307761,602307761,,,,,Razorpay,Debit Card3499,debit card3499,debit card3499,3499,debit card,debit card,8,12,17,2024,TRXNO0005583,Shivam Chopra,602307761,12/17/2024,Razorpay,Debit Card,3499,Instagram,Unlock Your Potential
TRXNO0005584//12202024|Riya|NairMob702487768//PayU*Debit Card2499,TRXNO0005584,12202024|Riya|NairMob702487768,PayU*Debit Card2499,12202024,Riya,NairMob702487768,Nair,702487768,702487768,,,,,PayU,Debit Card2499,debit card2499,debit card2499,2499,debit card,debit card,8,12,20,2024,TRXNO0005584,Riya Nair,702487768,12/20/2024,PayU,Debit Card,2499,YouTube,Train to Gain
TRXNO0005585//12202024|KarthiK  |YadavMob702847783*Go0gle Pay2499,TRXNO0005585,12202024|KarthiK  |YadavMob702847783*Go0gle Pay2499,,12202024,KarthiK  ,YadavMob702847783*Go0gle Pay2499,Yadav,702847783*Go0gle Pay2499,702847783,Go0gle Pay2499,Go0gle Pay2499,0,Gogle Pay2499,,,,,,,,8,12,20,2024,TRXNO0005585,Karthik   Yadav,702847783,12/20/2024,Gogle Pay2499,UPI,0,Instagram,Train to Gain
TRXNO0005586//12262024|Lalit|NairMob603117795*PhonePe2499,TRXNO0005586,12262024|Lalit|NairMob603117795*PhonePe2499,,12262024,Lalit,NairMob603117795*PhonePe2499,Nair,603117795*PhonePe2499,603117795,PhonePe2499,PhonePe2499,2499,Phonepe,,,,,,,,8,12,26,2024,TRXNO0005586,Lalit Nair,603117795,12/26/2024,Phonepe,UPI,2499,Instagram,Train to Gain
TRXNO0005587//12222024|Charvi|ChoudharyMob603387806//Razorpay*CredIt Card1499,TRXNO0005587,12222024|Charvi|ChoudharyMob603387806,Razorpay*CredIt Card1499,12222024,Charvi,ChoudharyMob603387806,Choudhary,603387806,603387806,,,,,Razorpay,CredIt Card1499,credit card1499,credit card1499,1499,credit card,credit card,8,12,22,2024,TRXNO0005587,Charvi Choudhary,603387806,12/22/2024,Razorpay,Credit Card,1499,Instagram,Unlock Your Potential
TRXNO0005588//12212024|Varun|MalhotraMob703747821//Razorpay*Debit_Card3499,TRXNO0005588,12212024|Varun|MalhotraMob703747821,Razorpay*Debit_Card3499,12212024,Varun,MalhotraMob703747821,Malhotra,703747821,703747821,,,,,Razorpay,Debit_Card3499,debit_card3499,debit card3499,3499,debit card,debit card,8,12,21,2024,TRXNO0005588,Varun Malhotra,703747821,12/21/2024,Razorpay,Debit Card,3499,Instagram,Unlock Your Potential
TRXNO0005589//12182024|Rishabh|YadavMob604017832//Razorpay*CReDIT Card2499,TRXNO0005589,12182024|Rishabh|YadavMob604017832,Razorpay*CReDIT Card2499,12182024,Rishabh,YadavMob604017832,Yadav,604017832,604017832,,,,,Razorpay,CReDIT Card2499,credit card2499,credit card2499,2499,credit card,credit card,8,12,18,2024,TRXNO0005589,Rishabh Yadav,604017832,12/18/2024,Razorpay,Credit Card,2499,Instagram,Train to Gain
TRXNO0005590//12132024|Manoj|BansalMob604197840//Razorpay*DEbit Card2499,TRXNO0005590,12132024|Manoj|BansalMob604197840,Razorpay*DEbit Card2499,12132024,Manoj,BansalMob604197840,Bansal,604197840,604197840,,,,,Razorpay,DEbit Card2499,debit card2499,debit card2499,2499,debit card,debit card,8,12,13,2024,TRXNO0005590,Manoj Bansal,604197840,12/13/2024,Razorpay,Debit Card,2499,Instagram,Train to Gain
TRXNO0005591//12142024|Sohan|AgarwalMob604737863*GPay1499,TRXNO0005591,12142024|Sohan|AgarwalMob604737863*GPay1499,,12142024,Sohan,AgarwalMob604737863*GPay1499,Agarwal,604737863*GPay1499,604737863,GPay1499,GPay1499,1499,Gpay,,,,,,,,8,12,14,2024,TRXNO0005591,Sohan Agarwal,604737863,12/14/2024,Gpay,UPI,1499,Instagram,Train to Gain
TRXNO0005592//12222024|Omkar|VermaMob604827866//PayU*CreditCard2499,TRXNO0005592,12222024|Omkar|VermaMob604827866,PayU*CreditCard2499,12222024,Omkar,VermaMob604827866,Verma,604827866,604827866,,,,,PayU,CreditCard2499,creditcard2499,credit card2499,2499,credit card,credit card,8,12,22,2024,TRXNO0005592,Omkar Verma,604827866,12/22/2024,PayU,Credit Card,2499,Instagram,Unlock Your Potential
TRXNO0005593//12162024|Siddharth|IyerMob705097878//Razorpay*Debit C@rd2499,TRXNO0005593,12162024|Siddharth|IyerMob705097878,Razorpay*Debit C@rd2499,12162024,Siddharth,IyerMob705097878,Iyer,705097878,705097878,,,,,Razorpay,Debit C@rd2499,debit c@rd2499,debit card2499,2499,debit card,debit card,8,12,16,2024,TRXNO0005593,Siddharth Iyer,705097878,12/16/2024,Razorpay,Debit Card,2499,Instagram,Train to Gain
TRXNO0005594//12112024|Vidya|MehtaMob605907912//Razorpay*CredItCard3499,TRXNO0005594,12112024|Vidya|MehtaMob605907912,Razorpay*CredItCard3499,12112024,Vidya,MehtaMob605907912,Mehta,605907912,605907912,,,,,Razorpay,CredItCard3499,creditcard3499,credit card3499,3499,credit card,credit card,8,12,11,2024,TRXNO0005594,Vidya Mehta,605907912,12/11/2024,Razorpay,Credit Card,3499,YouTube,Train to Gain
TRXNO0005595//12252024|Chaitanya|MalhotraMob606087919//Razorpay*Credit Card3499,TRXNO0005595,12252024|Chaitanya|MalhotraMob606087919,Razorpay*Credit Card3499,12252024,Chaitanya,MalhotraMob606087919,Malhotra,606087919,606087919,,,,,Razorpay,Credit Card3499,credit card3499,credit card3499,3499,credit card,credit card,8,12,25,2024,TRXNO0005595,Chaitanya Malhotra,606087919,12/25/2024,Razorpay,Credit Card,3499,Instagram,Unlock Your Potential
TRXNO0005596//12162024|Hardik|ChoudharyMob706987957//Razorpay*CReDIT Card1499,TRXNO0005596,12162024|Hardik|ChoudharyMob706987957,Razorpay*CReDIT Card1499,12162024,Hardik,ChoudharyMob706987957,Choudhary,706987957,706987957,,,,,Razorpay,CReDIT Card1499,credit card1499,credit card1499,1499,credit card,credit card,8,12,16,2024,TRXNO0005596,Hardik Choudhary,706987957,12/16/2024,Razorpay,Credit Card,1499,Instagram,Unlock Your Potential
TRXNO0005597//12152024|Anand|KapoorMob607167965//Razorpay*CreditC@rd1499,TRXNO0005597,12152024|Anand|KapoorMob607167965,Razorpay*CreditC@rd1499,12152024,Anand,KapoorMob607167965,Kapoor,607167965,607167965,,,,,Razorpay,CreditC@rd1499,creditc@rd1499,credit card1499,1499,credit card,credit card,8,12,15,2024,TRXNO0005597,Anand Kapoor,607167965,12/15/2024,Razorpay,Credit Card,1499,YouTube,Train to Gain
TRXNO0005598//12272024|Siddharth|SharmaMob607257968//PayU*DebitCard2499,TRXNO0005598,12272024|Siddharth|SharmaMob607257968,PayU*DebitCard2499,12272024,Siddharth,SharmaMob607257968,Sharma,607257968,607257968,,,,,PayU,DebitCard2499,debitcard2499,debit card2499,2499,debit card,debit card,8,12,27,2024,TRXNO0005598,Siddharth Sharma,607257968,12/27/2024,PayU,Debit Card,2499,Instagram,Unlock Your Potential
TRXNO0005599//12242024|Bhavya|ReddyMob702208176//Razorpay*CredIt Card3499,TRXNO0005599,12242024|Bhavya|ReddyMob702208176,Razorpay*CredIt Card3499,12242024,Bhavya,ReddyMob702208176,Reddy,702208176,702208176,,,,,Razorpay,CredIt Card3499,credit card3499,credit card3499,3499,credit card,credit card,8,12,24,2024,TRXNO0005599,Bhavya Reddy,702208176,12/24/2024,Razorpay,Credit Card,3499,Instagram,Grow with Us
TRXNO0005600//12172024|Nisha|KapoorMob702388184*Google Pay3499,TRXNO0005600,12172024|Nisha|KapoorMob702388184*Google Pay3499,,12172024,Nisha,KapoorMob702388184*Google Pay3499,Kapoor,702388184*Google Pay3499,702388184,Google Pay3499,Google Pay3499,3499,Google Pay,,,,,,,,8,12,17,2024,TRXNO0005600,Nisha Kapoor,702388184,12/17/2024,Google Pay,UPI,3499,Instagram,Train to Gain
TRXNO0005601//12202024|Lalit|MehtaMob705088297//Razorpay*CReDIT Card2499,TRXNO0005601,12202024|Lalit|MehtaMob705088297,Razorpay*CReDIT Card2499,12202024,Lalit,MehtaMob705088297,Mehta,705088297,705088297,,,,,Razorpay,CReDIT Card2499,credit card2499,credit card2499,2499,credit card,credit card,8,12,20,2024,TRXNO0005601,Lalit Mehta,705088297,12/20/2024,Razorpay,Credit Card,2499,Instagram,Grow with Us
TRXNO0005602//12152024|Anika|TiwariMob605538316//Razorpay*Debit2499,TRXNO0005602,12152024|Anika|TiwariMob605538316,Razorpay*Debit2499,12152024,Anika,TiwariMob605538316,Tiwari,605538316,605538316,,,,,Razorpay,Debit2499,debit2499,debit2499,2499,debit,debit card,8,12,15,2024,TRXNO0005602,Anika Tiwari,605538316,12/15/2024,Razorpay,Debit Card,2499,Instagram,Train to Gain
TRXNO0005603//12162024|Aryan|MehtaMob605808327//Razorpay*CredItCard3499,TRXNO0005603,12162024|Aryan|MehtaMob605808327,Razorpay*CredItCard3499,12162024,Aryan,MehtaMob605808327,Mehta,605808327,605808327,,,,,Razorpay,CredItCard3499,creditcard3499,credit card3499,3499,credit card,credit card,8,12,16,2024,TRXNO0005603,Aryan Mehta,605808327,12/16/2024,Razorpay,Credit Card,3499,YouTube,Unlock Your Potential
TRXNO0005604//12212024|Urvashi|RaoMob606078339//Razorpay*DebitCard2499,TRXNO0005604,12212024|Urvashi|RaoMob606078339,Razorpay*DebitCard2499,12212024,Urvashi,RaoMob606078339,Rao,606078339,606078339,,,,,Razorpay,DebitCard2499,debitcard2499,debit card2499,2499,debit card,debit card,8,12,21,2024,TRXNO0005604,Urvashi Rao,606078339,12/21/2024,Razorpay,Debit Card,2499,YouTube,Unlock Your Potential
TRXNO0005605//12142024|Rohit|RaoMob606438354//Razorpay*Debit C@rd2499,TRXNO0005605,12142024|Rohit|RaoMob606438354,Razorpay*Debit C@rd2499,12142024,Rohit,RaoMob606438354,Rao,606438354,606438354,,,,,Razorpay,Debit C@rd2499,debit c@rd2499,debit card2499,2499,debit card,debit card,8,12,14,2024,TRXNO0005605,Rohit Rao,606438354,12/14/2024,Razorpay,Debit Card,2499,Instagram,Train to Gain
TRXNO0005606//12172024|Chaitanya|MehtaMob706708365//Razorpay*CReDIT Card2499,TRXNO0005606,12172024|Chaitanya|MehtaMob706708365,Razorpay*CReDIT Card2499,12172024,Chaitanya,MehtaMob706708365,Mehta,706708365,706708365,,,,,Razorpay,CReDIT Card2499,credit card2499,credit card2499,2499,credit card,credit card,8,12,17,2024,TRXNO0005606,Chaitanya Mehta,706708365,12/17/2024,Razorpay,Credit Card,2499,Instagram,Train to Gain
TRXNO0005607//1252024|Rajeshwari|GuptaMob606978376*Paytm2499,TRXNO0005607,1252024|Rajeshwari|GuptaMob606978376*Paytm2499,,1252024,Rajeshwari,GuptaMob606978376*Paytm2499,Gupta,606978376*Paytm2499,606978376,Paytm2499,Paytm2499,2499,Paytm,,,,,,,,7,12,5,2024,TRXNO0005607,Rajeshwari Gupta,606978376,12/5/2024,Paytm,UPI,2499,Instagram,Grow with Us
TRXNO0005608//12172024|Madhav|MehtaMob607248388//PayU*DebItC@rd3499,TRXNO0005608,12172024|Madhav|MehtaMob607248388,PayU*DebItC@rd3499,12172024,Madhav,MehtaMob607248388,Mehta,607248388,607248388,,,,,PayU,DebItC@rd3499,debitc@rd3499,debit card3499,3499,debit card,debit card,8,12,17,2024,TRXNO0005608,Madhav Mehta,607248388,12/17/2024,PayU,Debit Card,3499,YouTube,Unlock Your Potential
TRXNO0005609//12182024|Jaidev|BansalMob707518399//PayU*CreditC@rd2499,TRXNO0005609,12182024|Jaidev|BansalMob707518399,PayU*CreditC@rd2499,12182024,Jaidev,BansalMob707518399,Bansal,707518399,707518399,,,,,PayU,CreditC@rd2499,creditc@rd2499,credit card2499,2499,credit card,credit card,8,12,18,2024,TRXNO0005609,Jaidev Bansal,707518399,12/18/2024,PayU,Credit Card,2499,Facebook,Train to Gain
TRXNO0005610//12192024|Rahul|KapoorMob607968418//Razorpay*Credit Card2499,TRXNO0005610,12192024|Rahul|KapoorMob607968418,Razorpay*Credit Card2499,12192024,Rahul,KapoorMob607968418,Kapoor,607968418,607968418,,,,,Razorpay,Credit Card2499,credit card2499,credit card2499,2499,credit card,credit card,8,12,19,2024,TRXNO0005610,Rahul Kapoor,607968418,12/19/2024,Razorpay,Credit Card,2499,YouTube,Grow with Us
TRXNO0005611//12172024|Gagan|CHopraMob608058422//Razorpay*CreditC@rd1499,TRXNO0005611,12172024|Gagan|CHopraMob608058422,Razorpay*CreditC@rd1499,12172024,Gagan,CHopraMob608058422,CHopra,608058422,608058422,,,,,Razorpay,CreditC@rd1499,creditc@rd1499,credit card1499,1499,credit card,credit card,8,12,17,2024,TRXNO0005611,Gagan Chopra,608058422,12/17/2024,Razorpay,Credit Card,1499,Instagram,Grow with Us
TRXNO0005612//12192024|Siddharth|MalhotraMob709408478//PayU*Debit Card1499,TRXNO0005612,12192024|Siddharth|MalhotraMob709408478,PayU*Debit Card1499,12192024,Siddharth,MalhotraMob709408478,Malhotra,709408478,709408478,,,,,PayU,Debit Card1499,debit card1499,debit card1499,1499,debit card,debit card,8,12,19,2024,TRXNO0005612,Siddharth Malhotra,709408478,12/19/2024,PayU,Debit Card,1499,YouTube,Grow with Us
TRXNO0005613//12182024|Arjun|GuptaMob609498482*GoogleP@y2499,TRXNO0005613,12182024|Arjun|GuptaMob609498482*GoogleP@y2499,,12182024,Arjun,GuptaMob609498482*GoogleP@y2499,Gupta,609498482*GoogleP@y2499,609498482,GoogleP@y2499,GoogleP@y2499,2499,Googlep@Y,,,,,,,,8,12,18,2024,TRXNO0005613,Arjun Gupta,609498482,12/18/2024,Googlep@Y,UPI,2499,Instagram,Grow with Us
TRXNO0005614//12192024|Madhav|VermaMob600398520//PayU*Debit Card3499,TRXNO0005614,12192024|Madhav|VermaMob600398520,PayU*Debit Card3499,12192024,Madhav,VermaMob600398520,Verma,600398520,600398520,,,,,PayU,Debit Card3499,debit card3499,debit card3499,3499,debit card,debit card,8,12,19,2024,TRXNO0005614,Madhav Verma,600398520,12/19/2024,PayU,Debit Card,3499,Instagram,Train to Gain
TRXNO0005615//12232024|Vidya|VermaMob600488524//Razorpay*CredIt Card1499,TRXNO0005615,12232024|Vidya|VermaMob600488524,Razorpay*CredIt Card1499,12232024,Vidya,VermaMob600488524,Verma,600488524,600488524,,,,,Razorpay,CredIt Card1499,credit card1499,credit card1499,1499,credit card,credit card,8,12,23,2024,TRXNO0005615,Vidya Verma,600488524,12/23/2024,Razorpay,Credit Card,1499,Instagram,Unlock Your Potential
TRXNO0005616//12192024|Shilpa|KapoorMob600668531//Razorpay*CredItCard3999,TRXNO0005616,12192024|Shilpa|KapoorMob600668531,Razorpay*CredItCard3999,12192024,Shilpa,KapoorMob600668531,Kapoor,600668531,600668531,,,,,Razorpay,CredItCard3999,creditcard3999,credit card3999,3999,credit card,credit card,8,12,19,2024,TRXNO0005616,Shilpa Kapoor,600668531,12/19/2024,Razorpay,Credit Card,3999,Instagram,Unlock Your Potential
TRXNO0005617//12232024|Aditi|VermaMob701388561//PayU*Debit_Card2499,TRXNO0005617,12232024|Aditi|VermaMob701388561,PayU*Debit_Card2499,12232024,Aditi,VermaMob701388561,Verma,701388561,701388561,,,,,PayU,Debit_Card2499,debit_card2499,debit card2499,2499,debit card,debit card,8,12,23,2024,TRXNO0005617,Aditi Verma,701388561,12/23/2024,PayU,Debit Card,2499,Instagram,Train to Gain
TRXNO0005618//12212024|Yuvraj|MalhotraMob601568569//PayU*CReDIT Card3499,TRXNO0005618,12212024|Yuvraj|MalhotraMob601568569,PayU*CReDIT Card3499,12212024,Yuvraj,MalhotraMob601568569,Malhotra,601568569,601568569,,,,,PayU,CReDIT Card3499,credit card3499,credit card3499,3499,credit card,credit card,8,12,21,2024,TRXNO0005618,Yuvraj Malhotra,601568569,12/21/2024,PayU,Credit Card,3499,Instagram,Unlock Your Potential
TRXNO0005619//12192024|Uday|ChoudharyMob602828622*Google pay1499,TRXNO0005619,12192024|Uday|ChoudharyMob602828622*Google pay1499,,12192024,Uday,ChoudharyMob602828622*Google pay1499,Choudhary,602828622*Google pay1499,602828622,Google pay1499,Google pay1499,1499,Google Pay,,,,,,,,8,12,19,2024,TRXNO0005619,Uday Choudhary,602828622,12/19/2024,Google Pay,UPI,1499,Instagram,Unlock Your Potential
TRXNO0005620//12122024|Mohan|SharmaMob602918626//PayU*CReDIT Card2499,TRXNO0005620,12122024|Mohan|SharmaMob602918626,PayU*CReDIT Card2499,12122024,Mohan,SharmaMob602918626,Sharma,602918626,602918626,,,,,PayU,CReDIT Card2499,credit card2499,credit card2499,2499,credit card,credit card,8,12,12,2024,TRXNO0005620,Mohan Sharma,602918626,12/12/2024,PayU,Credit Card,2499,Instagram,Grow with Us
TRXNO0005621//12222024|Sonali|YadavMob703638656//PayU*DebitCard3499,TRXNO0005621,12222024|Sonali|YadavMob703638656,PayU*DebitCard3499,12222024,Sonali,YadavMob703638656,Yadav,703638656,703638656,,,,,PayU,DebitCard3499,debitcard3499,debit card3499,3499,debit card,debit card,8,12,22,2024,TRXNO0005621,Sonali Yadav,703638656,12/22/2024,PayU,Debit Card,3499,Instagram,Grow with Us
TRXNO0005622//12232024|Aditi|RaoMob703728660*Amazon PAy2499,TRXNO0005622,12232024|Aditi|RaoMob703728660*Amazon PAy2499,,12232024,Aditi,RaoMob703728660*Amazon PAy2499,Rao,703728660*Amazon PAy2499,703728660,Amazon PAy2499,Amazon PAy2499,2499,Amazon Pay,,,,,,,,8,12,23,2024,TRXNO0005622,Aditi Rao,703728660,12/23/2024,Amazon Pay,UPI,2499,YouTube,Train to Gain
TRXNO0005623//12162024|Dev|GuptaMob605168720//Razorpay*Debit2499,TRXNO0005623,12162024|Dev|GuptaMob605168720,Razorpay*Debit2499,12162024,Dev,GuptaMob605168720,Gupta,605168720,605168720,,,,,Razorpay,Debit2499,debit2499,debit2499,2499,debit,debit card,8,12,16,2024,TRXNO0005623,Dev Gupta,605168720,12/16/2024,Razorpay,Debit Card,2499,Instagram,Unlock Your Potential
TRXNO0005624//12112024|Tejas|MalhotraMob705020204//Razorpay*Credit Card2499,TRXNO0005624,12112024|Tejas|MalhotraMob705020204,Razorpay*Credit Card2499,12112024,Tejas,MalhotraMob705020204,Malhotra,705020204,705020204,,,,,Razorpay,Credit Card2499,credit card2499,credit card2499,2499,credit card,credit card,8,12,11,2024,TRXNO0005624,Tejas Malhotra,705020204,12/11/2024,Razorpay,Credit Card,2499,Instagram,Unlock Your Potential
TRXNO0005625//12192024|Sonali|BansalMob605348728//Razorpay*DebitCard2499,TRXNO0005625,12192024|Sonali|BansalMob605348728,Razorpay*DebitCard2499,12192024,Sonali,BansalMob605348728,Bansal,605348728,605348728,,,,,Razorpay,DebitCard2499,debitcard2499,debit card2499,2499,debit card,debit card,8,12,19,2024,TRXNO0005625,Sonali Bansal,605348728,12/19/2024,Razorpay,Debit Card,2499,Instagram,Unlock Your Potential
TRXNO0005626//12172024|Jaidev|PatelMob705528735//Razorpay*Debit C@rd1499,TRXNO0005626,12172024|Jaidev|PatelMob705528735,Razorpay*Debit C@rd1499,12172024,Jaidev,PatelMob705528735,Patel,705528735,705528735,,,,,Razorpay,Debit C@rd1499,debit c@rd1499,debit card1499,1499,debit card,debit card,8,12,17,2024,TRXNO0005626,Jaidev Patel,705528735,12/17/2024,Razorpay,Debit Card,1499,Instagram,Unlock Your Potential
TRXNO0005627//12162024|Hemant|BansalMob705708743*G0gle pay3499,TRXNO0005627,12162024|Hemant|BansalMob705708743*G0gle pay3499,,12162024,Hemant,BansalMob705708743*G0gle pay3499,Bansal,705708743*G0gle pay3499,705708743,G0gle pay3499,G0gle pay3499,0,Ggle Pay3499,,,,,,,,8,12,16,2024,TRXNO0005627,Hemant Bansal,705708743,12/16/2024,Ggle Pay3499,UPI,0,Instagram,Unlock Your Potential
TRXNO0005628//12252024|Ishita|MehtaMob606158762//Razorpay*CreditC@rd2499,TRXNO0005628,12252024|Ishita|MehtaMob606158762,Razorpay*CreditC@rd2499,12252024,Ishita,MehtaMob606158762,Mehta,606158762,606158762,,,,,Razorpay,CreditC@rd2499,creditc@rd2499,credit card2499,2499,credit card,credit card,8,12,25,2024,TRXNO0005628,Ishita Mehta,606158762,12/25/2024,Razorpay,Credit Card,2499,Instagram,Grow with Us
TRXNO0005629//12192024|Tarun|BansalMob706428773//Razorpay*Credit Card1499,TRXNO0005629,12192024|Tarun|BansalMob706428773,Razorpay*Credit Card1499,12192024,Tarun,BansalMob706428773,Bansal,706428773,706428773,,,,,Razorpay,Credit Card1499,credit card1499,credit card1499,1499,credit card,credit card,8,12,19,2024,TRXNO0005629,Tarun Bansal,706428773,12/19/2024,Razorpay,Credit Card,1499,YouTube,Train to Gain
TRXNO0005630//12182024|Juhi|RaoMob606518777//PayU*DebItC@rd2499,TRXNO0005630,12182024|Juhi|RaoMob606518777,PayU*DebItC@rd2499,12182024,Juhi,RaoMob606518777,Rao,606518777,606518777,,,,,PayU,DebItC@rd2499,debitc@rd2499,debit card2499,2499,debit card,debit card,8,12,18,2024,TRXNO0005630,Juhi Rao,606518777,12/18/2024,PayU,Debit Card,2499,Instagram,Unlock Your Potential
TRXNO0005631//12222024|Manish|TiwariMob706698784//PayU*Credit Card3499,TRXNO0005631,12222024|Manish|TiwariMob706698784,PayU*Credit Card3499,12222024,Manish,TiwariMob706698784,Tiwari,706698784,706698784,,,,,PayU,Credit Card3499,credit card3499,credit card3499,3499,credit card,credit card,8,12,22,2024,TRXNO0005631,Manish Tiwari,706698784,12/22/2024,PayU,Credit Card,3499,Instagram,Unlock Your Potential
TRXNO0005632//12162024|Chetan|MehtaMob706788788//PayU*Credit_Card3499,TRXNO0005632,12162024|Chetan|MehtaMob706788788,PayU*Credit_Card3499,12162024,Chetan,MehtaMob706788788,Mehta,706788788,706788788,,,,,PayU,Credit_Card3499,credit_card3499,credit card3499,3499,credit card,credit card,8,12,16,2024,TRXNO0005632,Chetan Mehta,706788788,12/16/2024,PayU,Credit Card,3499,Facebook,Train to Gain
TRXNO0005633//12102024|Chetan|BansalMob706968796//Razorpay*CredIt Card3499,TRXNO0005633,12102024|Chetan|BansalMob706968796,Razorpay*CredIt Card3499,12102024,Chetan,BansalMob706968796,Bansal,706968796,706968796,,,,,Razorpay,CredIt Card3499,credit card3499,credit card3499,3499,credit card,credit card,8,12,10,2024,TRXNO0005633,Chetan Bansal,706968796,12/10/2024,Razorpay,Credit Card,3499,Instagram,Unlock Your Potential
TRXNO0005634//12182024|Jatin|GhoshMob707508818//Razorpay*CredItCard2499,TRXNO0005634,12182024|Jatin|GhoshMob707508818,Razorpay*CredItCard2499,12182024,Jatin,GhoshMob707508818,Ghosh,707508818,707508818,,,,,Razorpay,CredItCard2499,creditcard2499,credit card2499,2499,credit card,credit card,8,12,18,2024,TRXNO0005634,Jatin Ghosh,707508818,12/18/2024,Razorpay,Credit Card,2499,YouTube,Train to Gain
TRXNO0005635//12182024|Nalini|NairMob607688826//Razorpay*DEbit Card2499,TRXNO0005635,12182024|Nalini|NairMob607688826,Razorpay*DEbit Card2499,12182024,Nalini,NairMob607688826,Nair,607688826,607688826,,,,,Razorpay,DEbit Card2499,debit card2499,debit card2499,2499,debit card,debit card,8,12,18,2024,TRXNO0005635,Nalini Nair,607688826,12/18/2024,Razorpay,Debit Card,2499,Instagram,Unlock Your Potential
TRXNO0005636//12112024|Indrajit|VermaMob708080409//PayU*CreditCard2499,TRXNO0005636,12112024|Indrajit|VermaMob708080409,PayU*CreditCard2499,12112024,Indrajit,VermaMob708080409,Verma,708080409,708080409,,,,,PayU,CreditCard2499,creditcard2499,credit card2499,2499,credit card,credit card,8,12,11,2024,TRXNO0005636,Indrajit Verma,708080409,12/11/2024,PayU,Credit Card,2499,Instagram,Unlock Your Potential
TRXNO0005637//12142024|Arjun|JainMob608318852//Razorpay*CReDIT Card2499,TRXNO0005637,12142024|Arjun|JainMob608318852,Razorpay*CReDIT Card2499,12142024,Arjun,JainMob608318852,Jain,608318852,608318852,,,,,Razorpay,CReDIT Card2499,credit card2499,credit card2499,2499,credit card,credit card,8,12,14,2024,TRXNO0005637,Arjun Jain,608318852,12/14/2024,Razorpay,Credit Card,2499,YouTube,Grow with Us
TRXNO0005638//12282024|Juhi|SharmaMob708678867//PayU*CReditC@rd1499,TRXNO0005638,12282024|Juhi|SharmaMob708678867,PayU*CReditC@rd1499,12282024,Juhi,SharmaMob708678867,Sharma,708678867,708678867,,,,,PayU,CReditC@rd1499,creditc@rd1499,credit card1499,1499,credit card,credit card,8,12,28,2024,TRXNO0005638,Juhi Sharma,708678867,12/28/2024,PayU,Credit Card,1499,Instagram,Train to Gain
TRXNO0005639//12132024|Ashish|GuptaMob708858875//PayU*Debit Card1499,TRXNO0005639,12132024|Ashish|GuptaMob708858875,PayU*Debit Card1499,12132024,Ashish,GuptaMob708858875,Gupta,708858875,708858875,,,,,PayU,Debit Card1499,debit card1499,debit card1499,1499,debit card,debit card,8,12,13,2024,TRXNO0005639,Ashish Gupta,708858875,12/13/2024,PayU,Debit Card,1499,Instagram,Unlock Your Potential
TRXNO0005640//12162024|TrishaA|ReddyMob708948879*GPay2499,TRXNO0005640,12162024|TrishaA|ReddyMob708948879*GPay2499,,12162024,TrishaA,ReddyMob708948879*GPay2499,Reddy,708948879*GPay2499,708948879,GPay2499,GPay2499,2499,Gpay,,,,,,,,8,12,16,2024,TRXNO0005640,Trishaa Reddy,708948879,12/16/2024,Gpay,UPI,2499,Instagram,Train to Gain
TRXNO0005641//12162024|Nikhil|TiwariMob609038883//Razorpay*Debit2499,TRXNO0005641,12162024|Nikhil|TiwariMob609038883,Razorpay*Debit2499,12162024,Nikhil,TiwariMob609038883,Tiwari,609038883,609038883,,,,,Razorpay,Debit2499,debit2499,debit2499,2499,debit,debit card,8,12,16,2024,TRXNO0005641,Nikhil Tiwari,609038883,12/16/2024,Razorpay,Debit Card,2499,YouTube,Unlock Your Potential
TRXNO0005642//12192024|Shivam|RaoMob704557855//Razorpay*Credit Card3499,TRXNO0005642,12192024|Shivam|RaoMob704557855,Razorpay*Credit Card3499,12192024,Shivam,RaoMob704557855,Rao,704557855,704557855,,,,,Razorpay,Credit Card3499,credit card3499,credit card3499,3499,credit card,credit card,8,12,19,2024,TRXNO0005642,Shivam Rao,704557855,12/19/2024,Razorpay,Credit Card,3499,YouTube,Train to Gain
TRXNO0005643//12232024|Jayant|ReddyMob605457893//PayU*Credit Card1499,TRXNO0005643,12232024|Jayant|ReddyMob605457893,PayU*Credit Card1499,12232024,Jayant,ReddyMob605457893,Reddy,605457893,605457893,,,,,PayU,Credit Card1499,credit card1499,credit card1499,1499,credit card,credit card,8,12,23,2024,TRXNO0005643,Jayant Reddy,605457893,12/23/2024,PayU,Credit Card,1499,YouTube,Unlock Your Potential
TRXNO0005644//12172024|Vikram|JainMob605547897//Razorpay*CreditC@rd2499,TRXNO0005644,12172024|Vikram|JainMob605547897,Razorpay*CreditC@rd2499,12172024,Vikram,JainMob605547897,Jain,605547897,605547897,,,,,Razorpay,CreditC@rd2499,creditc@rd2499,credit card2499,2499,credit card,credit card,8,12,17,2024,TRXNO0005644,Vikram Jain,605547897,12/17/2024,Razorpay,Credit Card,2499,Instagram,Unlock Your Potential
TRXNO0005645//12152024|Rohit|GuptaMob606267927//Razorpay*Debit Card2499,TRXNO0005645,12152024|Rohit|GuptaMob606267927,Razorpay*Debit Card2499,12152024,Rohit,GuptaMob606267927,Gupta,606267927,606267927,,,,,Razorpay,Debit Card2499,debit card2499,debit card2499,2499,debit card,debit card,8,12,15,2024,TRXNO0005645,Rohit Gupta,606267927,12/15/2024,Razorpay,Debit Card,2499,YouTube,Unlock Your Potential
TRXNO0005646//12262024|Uma|MalhotraMob706717946//PayU*CreditCard2499,TRXNO0005646,12262024|Uma|MalhotraMob706717946,PayU*CreditCard2499,12262024,Uma,MalhotraMob706717946,Malhotra,706717946,706717946,,,,,PayU,CreditCard2499,creditcard2499,credit card2499,2499,credit card,credit card,8,12,26,2024,TRXNO0005646,Uma Malhotra,706717946,12/26/2024,PayU,Credit Card,2499,Instagram,Grow with Us
TRXNO0005647//12242024|Jhanvi|YadavMob607707987*GoogleP@y2499,TRXNO0005647,12242024|Jhanvi|YadavMob607707987*GoogleP@y2499,,12242024,Jhanvi,YadavMob607707987*GoogleP@y2499,Yadav,607707987*GoogleP@y2499,607707987,GoogleP@y2499,GoogleP@y2499,2499,Googlep@Y,,,,,,,,8,12,24,2024,TRXNO0005647,Jhanvi Yadav,607707987,12/24/2024,Googlep@Y,UPI,2499,Instagram,Unlock Your Potential
TRXNO0005648//12232024|Nisha|BansalMob607977999//PayU*CReditC@rd3499,TRXNO0005648,12232024|Nisha|BansalMob607977999,PayU*CReditC@rd3499,12232024,Nisha,BansalMob607977999,Bansal,607977999,607977999,,,,,PayU,CReditC@rd3499,creditc@rd3499,credit card3499,3499,credit card,credit card,8,12,23,2024,TRXNO0005648,Nisha Bansal,607977999,12/23/2024,PayU,Credit Card,3499,Instagram,Train to Gain
TRXNO0005649//12222024|Kajal|VermaMob608428017//PayU*DebitCard2499,TRXNO0005649,12222024|Kajal|VermaMob608428017,PayU*DebitCard2499,12222024,Kajal,VermaMob608428017,Verma,608428017,608428017,,,,,PayU,DebitCard2499,debitcard2499,debit card2499,2499,debit card,debit card,8,12,22,2024,TRXNO0005649,Kajal Verma,608428017,12/22/2024,PayU,Debit Card,2499,Instagram,Train to Gain
TRXNO0005650//12222024|Urvashi|ReddyMob709418059//PayU*Credit_Card2499,TRXNO0005650,12222024|Urvashi|ReddyMob709418059,PayU*Credit_Card2499,12222024,Urvashi,ReddyMob709418059,Reddy,709418059,709418059,,,,,PayU,Credit_Card2499,credit_card2499,credit card2499,2499,credit card,credit card,8,12,22,2024,TRXNO0005650,Urvashi Reddy,709418059,12/22/2024,PayU,Credit Card,2499,YouTube,Train to Gain
TRXNO0005651//12262024|Manoj|VermaMob709688070//PayU*DebItC@rd2499,TRXNO0005651,12262024|Manoj|VermaMob709688070,PayU*DebItC@rd2499,12262024,Manoj,VermaMob709688070,Verma,709688070,709688070,,,,,PayU,DebItC@rd2499,debitc@rd2499,debit card2499,2499,debit card,debit card,8,12,26,2024,TRXNO0005651,Manoj Verma,709688070,12/26/2024,PayU,Debit Card,2499,Facebook,Train to Gain
TRXNO0005652//12192024|Sudarshan|AgarwalMob701218135//Razorpay*Debit_Card3499,TRXNO0005652,12192024|Sudarshan|AgarwalMob701218135,Razorpay*Debit_Card3499,12192024,Sudarshan,AgarwalMob701218135,Agarwal,701218135,701218135,,,,,Razorpay,Debit_Card3499,debit_card3499,debit card3499,3499,debit card,debit card,8,12,19,2024,TRXNO0005652,Sudarshan Agarwal,701218135,12/19/2024,Razorpay,Debit Card,3499,Instagram,Train to Gain
TRXNO0005653//12262024|Yuvraj|ChoudharyMob601938165//PayU*CreditCard2499,TRXNO0005653,12262024|Yuvraj|ChoudharyMob601938165,PayU*CreditCard2499,12262024,Yuvraj,ChoudharyMob601938165,Choudhary,601938165,601938165,,,,,PayU,CreditCard2499,creditcard2499,credit card2499,2499,credit card,credit card,8,12,26,2024,TRXNO0005653,Yuvraj Choudhary,601938165,12/26/2024,PayU,Credit Card,2499,Instagram,Unlock Your Potential
TRXNO0005654//12232024|Shraddha|ChoudharyMob702478187*Google pay1499,TRXNO0005654,12232024|Shraddha|ChoudharyMob702478187*Google pay1499,,12232024,Shraddha,ChoudharyMob702478187*Google pay1499,Choudhary,702478187*Google pay1499,702478187,Google pay1499,Google pay1499,1499,Google Pay,,,,,,,,8,12,23,2024,TRXNO0005654,Shraddha Choudhary,702478187,12/23/2024,Google Pay,UPI,1499,YouTube,Train to Gain
TRXNO0005655//12202024|Ravi|YadaVMob603378225//PayU*Debit Card2499,TRXNO0005655,12202024|Ravi|YadaVMob603378225,PayU*Debit Card2499,12202024,Ravi,YadaVMob603378225,YadaV,603378225,603378225,,,,,PayU,Debit Card2499,debit card2499,debit card2499,2499,debit card,debit card,8,12,20,2024,TRXNO0005655,Ravi Yadav,603378225,12/20/2024,PayU,Debit Card,2499,Instagram,Unlock Your Potential
TRXNO0005656//12222024|Preeti|BansalMob703468229//Razorpay*CredIt Card2499,TRXNO0005656,12222024|Preeti|BansalMob703468229,Razorpay*CredIt Card2499,12222024,Preeti,BansalMob703468229,Bansal,703468229,703468229,,,,,Razorpay,CredIt Card2499,credit card2499,credit card2499,2499,credit card,credit card,8,12,22,2024,TRXNO0005656,Preeti Bansal,703468229,12/22/2024,Razorpay,Credit Card,2499,Instagram,Train to Gain
TRXNO0005657//12222024|Deepak|GuptaMob703558233//Razorpay*CreditC@rd3499,TRXNO0005657,12222024|Deepak|GuptaMob703558233,Razorpay*CreditC@rd3499,12222024,Deepak,GuptaMob703558233,Gupta,703558233,703558233,,,,,Razorpay,CreditC@rd3499,creditc@rd3499,credit card3499,3499,credit card,credit card,8,12,22,2024,TRXNO0005657,Deepak Gupta,703558233,12/22/2024,Razorpay,Credit Card,3499,Instagram,Train to Gain
TRXNO0005658//12172024|Shraddha|MehtaMob703648237//Razorpay*DebitCard3499,TRXNO0005658,12172024|Shraddha|MehtaMob703648237,Razorpay*DebitCard3499,12172024,Shraddha,MehtaMob703648237,Mehta,703648237,703648237,,,,,Razorpay,DebitCard3499,debitcard3499,debit card3499,3499,debit card,debit card,8,12,17,2024,TRXNO0005658,Shraddha Mehta,703648237,12/17/2024,Razorpay,Debit Card,3499,Instagram,Train to Gain
TRXNO0005659//12272024|Pranav|SharmaMob603738240//Razorpay*Debit C@rd2499,TRXNO0005659,12272024|Pranav|SharmaMob603738240,Razorpay*Debit C@rd2499,12272024,Pranav,SharmaMob603738240,Sharma,603738240,603738240,,,,,Razorpay,Debit C@rd2499,debit c@rd2499,debit card2499,2499,debit card,debit card,8,12,27,2024,TRXNO0005659,Pranav Sharma,603738240,12/27/2024,Razorpay,Debit Card,2499,Instagram,Unlock Your Potential
TRXNO0005660//12232024|HarinI|ChoudharyMob604098255//Razorpay*Debit2499,TRXNO0005660,12232024|HarinI|ChoudharyMob604098255,Razorpay*Debit2499,12232024,HarinI,ChoudharyMob604098255,Choudhary,604098255,604098255,,,,,Razorpay,Debit2499,debit2499,debit2499,2499,debit,debit card,8,12,23,2024,TRXNO0005660,Harini Choudhary,604098255,12/23/2024,Razorpay,Debit Card,2499,Instagram,Unlock Your Potential
TRXNO0005661//12232024|Karishma|MehtaMob704278263//Razorpay*CredItCard2499,TRXNO0005661,12232024|Karishma|MehtaMob704278263,Razorpay*CredItCard2499,12232024,Karishma,MehtaMob704278263,Mehta,704278263,704278263,,,,,Razorpay,CredItCard2499,creditcard2499,credit card2499,2499,credit card,credit card,8,12,23,2024,TRXNO0005661,Karishma Mehta,704278263,12/23/2024,Razorpay,Credit Card,2499,Facebook,Train to Gain