Customers Activity,,,,,,Time Spent in each stage,,,,,
Contact Numbers,Enquiry,Webinar Registration,Webinar Attendance,Councelling,Payment,Chat Intiation - Webinar Registration,Webinar Registration-Webinar,Webinar -Counselling,Counselling-Payment,Campaign,Platform
704879567,12/7/2024,,,,,,,,,Unlock Your Potential,YouTube
704875789,12/5/2024,12/14/2024,,,,9,,,,Train to Gain,Instagram
604872011,12/5/2024,,,,,,,,,Train to Gain,YouTube
604868234,12/3/2024,12/8/2024,12/9/2024,12/14/2024,12/16/2024,5,1,5,2,Train to Gain,Instagram
604864456,12/6/2024,,,,,,,,,Train to Gain,Facebook
604860678,12/3/2024,,,,,,,,,Unlock Your Potential,Instagram
608569009,12/6/2024,,,,,,,,,Unlock Your Potential,Instagram
601468768,12/4/2024,,,,,,,,,Train to Gain,Instagram
605065450,12/6/2024,,,,,,,,,Unlock Your Potential,Facebook
705154432,12/1/2024,12/10/2024,,,,9,,,,Train to Gain,YouTube
705158209,12/4/2024,,,,,,,,,Train to Gain,Instagram
605161987,12/1/2024,12/8/2024,12/9/2024,,,7,1,,,Train to Gain,Instagram
705165765,12/1/2024,,,,,,,,,Unlock Your Potential,Instagram
705169543,12/4/2024,12/7/2024,12/8/2024,,,3,1,,,Unlock Your Potential,YouTube
605173320,12/7/2024,12/8/2024,,,,1,,,,Unlock Your Potential,Instagram
605177098,12/6/2024,12/12/2024,,,,6,,,,Train to Gain,Instagram
605180876,12/7/2024,12/10/2024,12/11/2024,12/18/2024,,3,1,7,,Train to Gain,Instagram
605184653,12/3/2024,12/20/2024,12/21/2024,12/22/2024,12/24/2024,17,1,1,2,Train to Gain,Facebook
601518843,12/7/2024,,,,,,,,,Grow with Us,Instagram
705192209,12/7/2024,12/11/2024,,,,4,,,,Grow with Us,Instagram
601609869,12/1/2024,12/16/2024,12/17/2024,,,15,1,,,Grow with Us,YouTube
702851994,12/3/2024,,,,,,,,,Train to Gain,YouTube
603752035,12/1/2024,12/3/2024,,,,2,,,,Unlock Your Potential,Instagram
604652073,12/3/2024,12/12/2024,,,,9,,,,Train to Gain,Instagram
605552110,12/1/2024,,,,,,,,,Train to Gain,Instagram
606452148,12/6/2024,12/16/2024,,,,10,,,,Unlock Your Potential,YouTube
707352186,12/2/2024,,,,,,,,,Unlock Your Potential,Instagram
625222431,12/2/2024,12/13/2024,12/14/2024,12/15/2024,,11,1,1,,Unlock Your Potential,YouTube
709152262,12/2/2024,12/12/2024,,,,10,,,,Unlock Your Potential,Instagram
600052299,12/1/2024,12/7/2024,,,,6,,,,Train to Gain,YouTube
700952337,12/4/2024,,,,,,,,,Train to Gain,YouTube
701852375,12/6/2024,12/7/2024,12/8/2024,12/16/2024,,1,1,8,,Unlock Your Potential,Facebook
602752413,12/1/2024,,,,,,,,,Train to Gain,YouTube
603652450,12/2/2024,,,,,,,,,Grow with Us,Instagram
704552488,12/1/2024,,,,,,,,,Train to Gain,Instagram
605452526,12/2/2024,,,,,,,,,Train to Gain,Instagram
706352564,12/3/2024,,,,,,,,,Grow with Us,Instagram
607252602,12/2/2024,12/13/2024,,,,11,,,,Train to Gain,YouTube
608152639,12/2/2024,12/10/2024,12/11/2024,12/18/2024,12/22/2024,8,1,7,4,Train to Gain,Instagram
709052677,12/1/2024,,,,,,,,,Train to Gain,Instagram
795271541,12/7/2024,,,,,,,,,Train to Gain,Instagram
600852753,12/2/2024,12/12/2024,12/13/2024,12/14/2024,12/16/2024,10,1,1,2,Train to Gain,Instagram
701752790,12/3/2024,,,,,,,,,Train to Gain,Instagram
702652828,12/3/2024,12/18/2024,,,,15,,,,Unlock Your Potential,Instagram
603552866,12/5/2024,12/11/2024,,,,6,,,,Train to Gain,YouTube
604452904,12/3/2024,,,,,,,,,Train to Gain,YouTube
605352942,12/1/2024,12/2/2024,,,,1,,,,Train to Gain,YouTube
606252979,12/6/2024,12/14/2024,,,,8,,,,Train to Gain,Instagram
707153017,12/3/2024,12/4/2024,12/5/2024,12/13/2024,,1,1,8,,Train to Gain,Instagram
608053055,12/5/2024,,,,,,,,,Train to Gain,Instagram
708953093,12/1/2024,12/10/2024,12/11/2024,12/14/2024,,9,1,3,,Grow with Us,Instagram
709853130,12/1/2024,,,,,,,,,Unlock Your Potential,Instagram
600753168,12/4/2024,,,,,,,,,Grow with Us,Instagram
701653206,12/3/2024,12/12/2024,,,,9,,,,Unlock Your Potential,YouTube
702553244,12/3/2024,,,,,,,,,Train to Gain,YouTube
603453282,12/2/2024,,,,,,,,,Grow with Us,YouTube
604353319,12/1/2024,12/3/2024,,,,2,,,,Train to Gain,YouTube
605253357,12/6/2024,,,,,,,,,Train to Gain,Instagram
606150033,12/4/2024,,,,,,,,,Train to Gain,YouTube
607053433,12/1/2024,12/7/2024,12/8/2024,12/8/2024,,6,1,0,,Unlock Your Potential,Instagram
607953470,12/2/2024,12/8/2024,12/9/2024,12/13/2024,12/14/2024,6,1,4,1,Train to Gain,Instagram
608853508,12/3/2024,12/4/2024,12/5/2024,12/10/2024,12/12/2024,1,1,5,2,Train to Gain,YouTube
609753546,12/2/2024,,,,,,,,,Unlock Your Potential,YouTube
600653584,12/5/2024,12/8/2024,12/9/2024,12/18/2024,12/21/2024,3,1,9,3,Train to Gain,Instagram
701553622,12/7/2024,12/16/2024,12/17/2024,12/23/2024,,9,1,6,,Unlock Your Potential,YouTube
702453659,12/1/2024,,,,,,,,,Train to Gain,YouTube
603353697,12/3/2024,,,,,,,,,Unlock Your Potential,YouTube
604253735,12/2/2024,,,,,,,,,Train to Gain,Instagram
705153773,12/2/2024,,,,,,,,,Unlock Your Potential,YouTube
706053810,12/2/2024,12/17/2024,,,,15,,,,Unlock Your Potential,Instagram
606953848,12/2/2024,,,,,,,,,Train to Gain,YouTube
707853886,12/3/2024,12/19/2024,12/20/2024,12/20/2024,12/25/2024,16,1,0,5,Unlock Your Potential,Instagram
708753924,12/2/2024,12/4/2024,12/5/2024,12/11/2024,,2,1,6,,Unlock Your Potential,YouTube
709653962,12/6/2024,,,,,,,,,Train to Gain,YouTube
700553999,12/3/2024,12/5/2024,,,,2,,,,Train to Gain,Instagram
701454037,12/2/2024,12/16/2024,,,,14,,,,Train to Gain,Instagram
702354075,12/2/2024,,,,,,,,,Unlock Your Potential,YouTube
603254113,12/3/2024,12/20/2024,,,,17,,,,Train to Gain,Instagram
604154150,12/3/2024,12/8/2024,12/9/2024,12/13/2024,12/15/2024,5,1,4,2,Unlock Your Potential,Instagram
705054188,12/2/2024,12/4/2024,,,,2,,,,Train to Gain,Instagram
605954226,12/3/2024,12/12/2024,12/13/2024,,,9,1,,,Grow with Us,Instagram
606854264,12/3/2024,,,,,,,,,Train to Gain,Instagram
607007502,12/3/2024,12/17/2024,12/18/2024,,,14,1,,,Unlock Your Potential,YouTube
708654339,12/1/2024,,,,,,,,,Unlock Your Potential,Instagram
609554377,12/5/2024,,,,,,,,,Train to Gain,Instagram
600454415,12/3/2024,,,,,,,,,Unlock Your Potential,YouTube
701354453,12/6/2024,12/11/2024,12/12/2024,12/15/2024,12/17/2024,5,1,3,2,Unlock Your Potential,Instagram
602254490,12/3/2024,12/16/2024,12/17/2024,12/17/2024,,13,1,0,,Train to Gain,Instagram
603154528,12/1/2024,12/14/2024,,,,13,,,,Train to Gain,Facebook
604054566,12/5/2024,,,,,,,,,Train to Gain,Instagram
704954604,12/1/2024,,,,,,,,,Train to Gain,Instagram
705854642,12/5/2024,12/10/2024,12/11/2024,12/15/2024,12/21/2024,5,1,4,6,Train to Gain,Facebook
706754679,12/3/2024,,,,,,,,,Unlock Your Potential,Instagram
607654717,12/2/2024,,,,,,,,,Unlock Your Potential,YouTube
708554755,12/6/2024,12/7/2024,12/8/2024,12/13/2024,,1,1,5,,Unlock Your Potential,Instagram
709454793,12/5/2024,12/8/2024,12/9/2024,12/15/2024,12/17/2024,3,1,6,2,Unlock Your Potential,Instagram
700354830,12/3/2024,,,,,,,,,Train to Gain,YouTube
601254868,12/4/2024,12/14/2024,,,,10,,,,Train to Gain,Instagram
602154906,12/3/2024,,,,,,,,,Unlock Your Potential,Instagram
603054944,12/3/2024,12/19/2024,12/20/2024,12/21/2024,12/22/2024,16,1,1,1,Unlock Your Potential,Instagram
703954982,12/3/2024,,,,,,,,,Train to Gain,Instagram
704855019,12/1/2024,,,,,,,,,Train to Gain,YouTube
605755057,12/3/2024,12/19/2024,,,,16,,,,Unlock Your Potential,YouTube
665005095,12/5/2024,12/14/2024,12/15/2024,,,9,1,,,Unlock Your Potential,Instagram
607555133,12/1/2024,,,,,,,,,Train to Gain,YouTube
708455170,12/1/2024,,,,,,,,,Grow with Us,YouTube
609355208,12/2/2024,12/3/2024,12/4/2024,,,1,1,,,Train to Gain,Instagram
700255246,12/2/2024,,,,,,,,,Train to Gain,YouTube
701155284,12/4/2024,12/11/2024,,,,7,,,,Grow with Us,YouTube
600205053,12/3/2024,,,,,,,,,Unlock Your Potential,Instagram
602955359,12/5/2024,12/9/2024,12/10/2024,12/16/2024,,4,1,6,,Train to Gain,Instagram
603855397,12/7/2024,12/9/2024,,,,2,,,,Unlock Your Potential,YouTube
704755430,12/2/2024,12/7/2024,,,,5,,,,Train to Gain,YouTube
605655473,12/6/2024,12/16/2024,,,,10,,,,Unlock Your Potential,Instagram
706555510,12/4/2024,,,,,,,,,Unlock Your Potential,YouTube
707455548,12/3/2024,12/11/2024,,,,8,,,,Unlock Your Potential,Facebook
608355586,12/2/2024,,,,,,,,,Unlock Your Potential,Instagram
609255624,12/1/2024,,,,,,,,,Train to Gain,Facebook
700506060,12/3/2024,,,,,,,,,Train to Gain,Instagram
700105569,12/3/2024,12/12/2024,,,,9,,,,Train to Gain,YouTube
700195573,12/1/2024,,,,,,,,,Train to Gain,YouTube
700285577,12/6/2024,,,,,,,,,Train to Gain,Facebook
600375581,12/1/2024,12/4/2024,,,,3,,,,Train to Gain,YouTube
700465585,12/4/2024,,,,,,,,,Unlock Your Potential,Instagram
600555588,12/1/2024,,,,,,,,,Train to Gain,YouTube
600645592,12/1/2024,12/11/2024,,,,10,,,,Unlock Your Potential,Facebook
600735596,12/5/2024,12/9/2024,,,,4,,,,Unlock Your Potential,YouTube
602050600,12/5/2024,12/14/2024,,,,9,,,,Train to Gain,YouTube
600915603,12/3/2024,12/13/2024,12/14/2024,12/19/2024,,10,1,5,,Unlock Your Potential,Instagram
701005607,12/7/2024,12/8/2024,12/9/2024,12/18/2024,12/22/2024,1,1,9,4,Unlock Your Potential,Instagram
601095611,12/2/2024,,,,,,,,,Unlock Your Potential,Instagram
601185615,12/4/2024,12/7/2024,12/8/2024,12/12/2024,,3,1,4,,Train to Gain,Instagram
701275619,12/1/2024,12/17/2024,12/18/2024,12/19/2024,12/20/2024,16,1,1,1,Unlock Your Potential,Instagram
701365622,12/3/2024,12/7/2024,,,,4,,,,Train to Gain,Instagram
601455626,12/3/2024,,,,,,,,,Unlock Your Potential,Instagram
701545630,12/3/2024,12/11/2024,,,,8,,,,Train to Gain,Instagram
601635634,12/3/2024,,,,,,,,,Train to Gain,Facebook
701725637,12/1/2024,12/5/2024,,,,4,,,,Train to Gain,YouTube
701815641,12/6/2024,,,,,,,,,Unlock Your Potential,Facebook
701905645,12/7/2024,12/10/2024,12/11/2024,12/18/2024,12/19/2024,3,1,7,1,Train to Gain,Instagram
701995649,12/1/2024,12/13/2024,12/14/2024,12/16/2024,,12,1,2,,Train to Gain,Instagram
602085653,12/2/2024,,,,,,,,,Train to Gain,Instagram
702175656,12/5/2024,12/8/2024,12/9/2024,12/15/2024,12/16/2024,3,1,6,1,Unlock Your Potential,Instagram
602265660,12/4/2024,12/14/2024,,,,10,,,,Unlock Your Potential,Instagram
702355664,12/3/2024,12/5/2024,12/6/2024,12/13/2024,12/18/2024,2,1,7,5,Grow with Us,Instagram
602445668,12/3/2024,,,,,,,,,Unlock Your Potential,Instagram
702535671,12/1/2024,,,,,,,,,Train to Gain,YouTube
702625675,12/1/2024,,,,,,,,,Unlock Your Potential,YouTube
602715679,12/4/2024,,,,,,,,,Unlock Your Potential,YouTube
702805683,12/3/2024,,,,,,,,,Unlock Your Potential,Instagram
602895687,12/2/2024,12/12/2024,12/13/2024,,,10,1,,,Grow with Us,YouTube
702985690,12/1/2024,,,,,,,,,Unlock Your Potential,Instagram
703075694,12/5/2024,,,,,,,,,Unlock Your Potential,YouTube
703165698,12/1/2024,12/13/2024,,,,12,,,,Unlock Your Potential,YouTube
603255702,12/3/2024,,,,,,,,,Unlock Your Potential,Instagram
703345705,12/4/2024,,,,,,,,,Grow with Us,YouTube
703435709,12/6/2024,12/8/2024,12/9/2024,12/16/2024,12/20/2024,2,1,7,4,Grow with Us,Facebook
603525713,12/5/2024,12/11/2024,12/12/2024,12/14/2024,,6,1,2,,Train to Gain,Instagram
603615717,12/5/2024,,,,,,,,,Unlock Your Potential,YouTube
703705721,12/3/2024,12/20/2024,12/21/2024,12/23/2024,12/26/2024,17,1,2,3,Unlock Your Potential,Instagram
703795724,12/3/2024,,,,,,,,,Train to Gain,YouTube
603885728,12/4/2024,,,,,,,,,Train to Gain,Instagram
703975732,12/4/2024,12/11/2024,,,,7,,,,Train to Gain,Facebook
604065736,12/2/2024,12/9/2024,12/10/2024,12/17/2024,12/19/2024,7,1,7,2,Unlock Your Potential,Instagram
704155739,12/3/2024,12/15/2024,12/16/2024,12/18/2024,12/19/2024,12,1,2,1,Train to Gain,Instagram
704245743,12/1/2024,,,,,,,,,Unlock Your Potential,Instagram
704335747,12/7/2024,,,,,,,,,Grow with Us,Facebook
704425751,12/5/2024,,,,,,,,,Unlock Your Potential,Instagram
704515755,12/3/2024,12/13/2024,12/14/2024,12/20/2024,,10,1,6,,Unlock Your Potential,YouTube
604605758,12/1/2024,12/10/2024,,,,9,,,,Train to Gain,Instagram
604695762,12/7/2024,12/9/2024,12/10/2024,12/20/2024,12/24/2024,2,1,10,4,Grow with Us,Facebook
604785766,12/1/2024,12/17/2024,,,,16,,,,Train to Gain,YouTube
604875770,12/4/2024,,,,,,,,,Unlock Your Potential,YouTube
704965773,12/7/2024,,,,,,,,,Train to Gain,Instagram
705055777,12/3/2024,12/4/2024,12/5/2024,12/9/2024,12/15/2024,1,1,4,6,Train to Gain,Instagram
705145781,12/3/2024,,,,,,,,,Train to Gain,Instagram
705235785,12/2/2024,12/13/2024,12/14/2024,12/20/2024,12/24/2024,11,1,6,4,Train to Gain,YouTube
705325789,12/3/2024,12/12/2024,12/13/2024,12/16/2024,12/17/2024,9,1,3,1,Unlock Your Potential,Instagram
605415792,12/3/2024,,,,,,,,,Train to Gain,Instagram
705505796,12/6/2024,,,,,,,,,Unlock Your Potential,Instagram
605595800,12/5/2024,,,,,,,,,Train to Gain,Instagram
705685804,12/3/2024,,,,,,,,,Grow with Us,YouTube
705775807,12/6/2024,,,,,,,,,Train to Gain,YouTube
705865811,12/2/2024,12/5/2024,,,,3,,,,Train to Gain,Instagram
705955815,12/3/2024,12/10/2024,,,,7,,,,Train to Gain,Instagram
706045819,12/1/2024,12/9/2024,12/10/2024,12/21/2024,12/26/2024,8,1,11,5,Grow with Us,Facebook
606135823,12/5/2024,,,,,,,,,Train to Gain,Instagram
606225826,12/3/2024,,,,,,,,,Train to Gain,YouTube
706315830,12/2/2024,12/17/2024,12/18/2024,,,15,1,,,Train to Gain,YouTube
606405834,12/2/2024,,,,,,,,,Train to Gain,Instagram
606495838,12/1/2024,12/13/2024,12/14/2024,12/21/2024,12/23/2024,12,1,7,2,Unlock Your Potential,Facebook
606585841,12/2/2024,12/19/2024,12/20/2024,12/22/2024,12/24/2024,17,1,2,2,Train to Gain,Instagram
706675845,12/1/2024,,,,,,,,,Train to Gain,Facebook
606765849,12/1/2024,,,,,,,,,Train to Gain,YouTube
606855853,12/1/2024,,,,,,,,,Train to Gain,Instagram
706945857,12/4/2024,,,,,,,,,Train to Gain,Facebook
607035860,12/7/2024,,,,,,,,,Unlock Your Potential,YouTube
707125864,12/1/2024,12/9/2024,,,,8,,,,Grow with Us,Instagram
607215868,12/3/2024,,,,,,,,,Train to Gain,YouTube
607305872,12/3/2024,,,,,,,,,Train to Gain,Instagram
607395875,12/6/2024,12/7/2024,12/8/2024,,,1,1,,,Unlock Your Potential,Instagram
707485879,12/2/2024,12/10/2024,12/11/2024,12/16/2024,,8,1,5,,Unlock Your Potential,Instagram
607575883,12/2/2024,12/3/2024,,,,1,,,,Unlock Your Potential,Instagram
707665887,12/6/2024,12/14/2024,12/15/2024,12/17/2024,,8,1,2,,Train to Gain,Instagram
607755891,12/6/2024,,,,,,,,,Train to Gain,YouTube
607845894,12/1/2024,,,,,,,,,Train to Gain,Instagram
607935898,12/3/2024,,,,,,,,,Grow with Us,YouTube
608025902,12/6/2024,,,,,,,,,Train to Gain,Instagram
708115906,12/4/2024,12/5/2024,12/6/2024,12/8/2024,12/10/2024,1,1,2,2,Train to Gain,Instagram
708205909,12/4/2024,12/7/2024,,,,3,,,,Train to Gain,Instagram
708295913,12/6/2024,12/8/2024,12/9/2024,12/13/2024,12/20/2024,2,1,4,7,Unlock Your Potential,Instagram
708385917,12/6/2024,,,,,,,,,Train to Gain,Instagram
708475921,12/1/2024,,,,,,,,,Train to Gain,Instagram
708565925,12/5/2024,,,,,,,,,Train to Gain,Facebook
708655928,12/3/2024,,,,,,,,,Train to Gain,Facebook
708745932,12/1/2024,12/7/2024,12/8/2024,12/8/2024,12/10/2024,6,1,0,2,Train to Gain,Instagram
708835936,12/2/2024,12/9/2024,12/10/2024,12/13/2024,12/15/2024,7,1,3,2,Unlock Your Potential,Instagram
608925940,12/1/2024,12/13/2024,12/14/2024,12/20/2024,12/21/2024,12,1,6,1,Unlock Your Potential,YouTube
709015943,12/3/2024,,,,,,,,,Unlock Your Potential,YouTube
609105947,12/1/2024,,,,,,,,,Unlock Your Potential,YouTube
709195951,12/3/2024,,,,,,,,,Unlock Your Potential,Instagram
609285955,12/2/2024,12/19/2024,12/20/2024,12/20/2024,12/23/2024,17,1,0,3,Train to Gain,Instagram
709375959,12/1/2024,,,,,,,,,Train to Gain,Instagram
609465962,12/1/2024,,,,,,,,,Unlock Your Potential,YouTube
709555966,12/1/2024,12/9/2024,12/10/2024,12/14/2024,12/19/2024,8,1,4,5,Train to Gain,Instagram
609645970,12/3/2024,,,,,,,,,Unlock Your Potential,Instagram
609735974,12/3/2024,,,,,,,,,Unlock Your Potential,Instagram
709825977,12/7/2024,,,,,,,,,Unlock Your Potential,Instagram
709915981,12/5/2024,,,,,,,,,Train to Gain,Instagram
700005985,12/7/2024,12/12/2024,,,,5,,,,Train to Gain,Instagram
700095989,12/3/2024,12/16/2024,12/17/2024,12/17/2024,12/18/2024,13,1,0,1,Train to Gain,Instagram
600185993,12/5/2024,12/13/2024,12/14/2024,12/15/2024,12/19/2024,8,1,1,4,Unlock Your Potential,Instagram
600275996,12/2/2024,12/5/2024,12/6/2024,12/14/2024,12/18/2024,3,1,8,4,Train to Gain,Facebook
700366000,12/5/2024,,,,,,,,,Train to Gain,YouTube
700456004,12/1/2024,12/10/2024,12/11/2024,12/16/2024,12/18/2024,9,1,5,2,Train to Gain,Instagram
600546008,12/7/2024,,,,,,,,,Unlock Your Potential,Facebook
700636011,12/7/2024,,,,,,,,,Unlock Your Potential,Instagram
600726015,12/4/2024,12/11/2024,12/12/2024,12/16/2024,12/17/2024,7,1,4,1,Unlock Your Potential,Instagram
700816019,12/3/2024,12/8/2024,12/9/2024,12/12/2024,12/14/2024,5,1,3,2,Train to Gain,Instagram
600906023,12/5/2024,,,,,,,,,Train to Gain,Instagram
700996027,12/2/2024,,,,,,,,,Train to Gain,YouTube
701086030,12/3/2024,,,,,,,,,Train to Gain,Instagram
601176034,12/1/2024,12/18/2024,,,,17,,,,Unlock Your Potential,Instagram
701266038,12/1/2024,,,,,,,,,Unlock Your Potential,Instagram
701356042,12/5/2024,,,,,,,,,Train to Gain,Instagram
701446045,12/5/2024,12/14/2024,12/15/2024,12/20/2024,12/25/2024,9,1,5,5,Unlock Your Potential,YouTube
701536049,12/1/2024,,,,,,,,,Unlock Your Potential,Facebook
701626053,12/4/2024,,,,,,,,,Grow with Us,Instagram
601716057,12/2/2024,,,,,,,,,Unlock Your Potential,YouTube
701806061,12/7/2024,12/9/2024,,,,2,,,,Unlock Your Potential,Facebook
701896064,12/2/2024,,,,,,,,,Train to Gain,Facebook
701986068,12/2/2024,,,,,,,,,Train to Gain,YouTube
702076072,12/4/2024,12/11/2024,,,,7,,,,Unlock Your Potential,YouTube
602166076,12/7/2024,,,,,,,,,Grow with Us,YouTube
702256079,12/6/2024,12/7/2024,12/8/2024,12/20/2024,,1,1,12,,Unlock Your Potential,Facebook
602346083,12/2/2024,12/6/2024,,,,4,,,,Train to Gain,YouTube
602436087,12/6/2024,12/15/2024,12/16/2024,12/21/2024,,9,1,5,,Unlock Your Potential,Instagram
702526091,12/5/2024,12/10/2024,12/11/2024,12/17/2024,,5,1,6,,Unlock Your Potential,Instagram
702616095,12/1/2024,,,,,,,,,Grow with Us,YouTube
602706098,12/2/2024,12/10/2024,12/11/2024,12/24/2024,12/29/2024,8,1,13,5,Unlock Your Potential,Instagram
602796102,12/3/2024,12/12/2024,12/13/2024,12/15/2024,12/20/2024,9,1,2,5,Train to Gain,Instagram
702886106,12/7/2024,,,,,,,,,Unlock Your Potential,YouTube
702976110,12/4/2024,,,,,,,,,Train to Gain,YouTube
603066113,12/2/2024,12/16/2024,12/17/2024,12/22/2024,12/24/2024,14,1,5,2,Train to Gain,Instagram
603156117,12/2/2024,12/13/2024,12/14/2024,12/20/2024,12/21/2024,11,1,6,1,Unlock Your Potential,Instagram
703246121,12/7/2024,12/16/2024,12/17/2024,12/19/2024,,9,1,2,,Train to Gain,Facebook
703336125,12/3/2024,,,,,,,,,Train to Gain,Instagram
603426129,12/2/2024,12/5/2024,,,,3,,,,Train to Gain,Instagram
603516132,12/2/2024,,,,,,,,,Train to Gain,Instagram
603606136,12/2/2024,12/4/2024,12/5/2024,12/8/2024,12/9/2024,2,1,3,1,Unlock Your Potential,Instagram
703696140,12/3/2024,,,,,,,,,Train to Gain,YouTube
603786144,12/2/2024,,,,,,,,,Train to Gain,YouTube
703876147,12/6/2024,,,,,,,,,Train to Gain,Instagram
603966151,12/5/2024,12/13/2024,,,,8,,,,Train to Gain,YouTube
704056155,12/7/2024,,,,,,,,,Train to Gain,Instagram
604146159,12/5/2024,12/10/2024,12/11/2024,12/15/2024,12/21/2024,5,1,4,6,Train to Gain,Instagram
604236163,12/3/2024,,,,,,,,,Train to Gain,YouTube
604326166,12/7/2024,,,,,,,,,Train to Gain,YouTube
704416170,12/1/2024,12/8/2024,,,,7,,,,Grow with Us,Instagram
604506174,12/6/2024,12/9/2024,,,,3,,,,Train to Gain,YouTube
604596178,12/5/2024,,,,,,,,,Train to Gain,YouTube
604686181,12/3/2024,,,,,,,,,Train to Gain,Facebook
704776185,12/7/2024,,,,,,,,,Unlock Your Potential,Facebook
604866189,12/2/2024,,,,,,,,,Train to Gain,YouTube
604956193,12/7/2024,,,,,,,,,Train to Gain,Instagram
605046197,12/2/2024,,,,,,,,,Grow with Us,Instagram
605136200,12/7/2024,12/14/2024,12/15/2024,12/16/2024,,7,1,1,,Unlock Your Potential,Instagram
605226204,12/3/2024,,,,,,,,,Train to Gain,YouTube
705316208,12/3/2024,,,,,,,,,Unlock Your Potential,YouTube
605406212,12/2/2024,12/12/2024,12/13/2024,12/15/2024,12/18/2024,10,1,2,3,Unlock Your Potential,Instagram
605496215,12/2/2024,,,,,,,,,Train to Gain,Instagram
605586219,12/4/2024,12/5/2024,12/6/2024,12/14/2024,12/17/2024,1,1,8,3,Train to Gain,YouTube
605676223,12/1/2024,,,,,,,,,Unlock Your Potential,Instagram
605766227,12/3/2024,12/10/2024,12/11/2024,12/18/2024,12/19/2024,7,1,7,1,Unlock Your Potential,Facebook
705856231,12/2/2024,12/10/2024,12/11/2024,12/24/2024,,8,1,13,,Train to Gain,Instagram
605946234,12/6/2024,,,,,,,,,Train to Gain,Facebook
706036238,12/2/2024,12/11/2024,12/12/2024,12/17/2024,,9,1,5,,Train to Gain,YouTube
706126242,12/3/2024,,,,,,,,,Train to Gain,YouTube
706216246,12/6/2024,12/11/2024,12/12/2024,12/16/2024,,5,1,4,,Unlock Your Potential,YouTube
706306249,12/2/2024,12/10/2024,,,,8,,,,Train to Gain,YouTube
706396253,12/2/2024,12/17/2024,12/18/2024,12/20/2024,12/21/2024,15,1,2,1,Train to Gain,YouTube
606486257,12/2/2024,12/10/2024,12/11/2024,12/18/2024,,8,1,7,,Unlock Your Potential,YouTube
606576261,12/2/2024,12/13/2024,,,,11,,,,Train to Gain,Facebook
606666265,12/1/2024,12/10/2024,,,,9,,,,Train to Gain,Instagram
706756268,12/2/2024,12/7/2024,,,,5,,,,Grow with Us,Instagram
706846272,12/5/2024,12/12/2024,12/13/2024,12/15/2024,12/16/2024,7,1,2,1,Unlock Your Potential,Instagram
606936276,12/6/2024,,,,,,,,,Train to Gain,Facebook
607026280,12/5/2024,,,,,,,,,Unlock Your Potential,Instagram
607116283,12/2/2024,12/11/2024,,,,9,,,,Train to Gain,Instagram
707206287,12/3/2024,,,,,,,,,Unlock Your Potential,Instagram
707296291,12/6/2024,,,,,,,,,Unlock Your Potential,Instagram
707386295,12/1/2024,,,,,,,,,Train to Gain,YouTube
707476299,12/5/2024,,,,,,,,,Unlock Your Potential,YouTube
707566302,12/2/2024,,,,,,,,,Unlock Your Potential,Facebook
607656306,12/3/2024,,,,,,,,,Unlock Your Potential,Facebook
707746310,12/5/2024,12/11/2024,12/12/2024,12/16/2024,,6,1,4,,Train to Gain,Facebook
607836314,12/3/2024,12/14/2024,,,,11,,,,Unlock Your Potential,YouTube
607926317,12/7/2024,,,,,,,,,Unlock Your Potential,Instagram
708016321,12/7/2024,,,,,,,,,Unlock Your Potential,Instagram
608106325,12/4/2024,12/8/2024,,,,4,,,,Train to Gain,Instagram
708196329,12/4/2024,12/9/2024,12/10/2024,12/12/2024,12/14/2024,5,1,2,2,Unlock Your Potential,Instagram
608286333,12/3/2024,12/7/2024,12/8/2024,12/12/2024,12/14/2024,4,1,4,2,Train to Gain,Instagram
608376336,12/7/2024,12/14/2024,12/15/2024,12/20/2024,12/21/2024,7,1,5,1,Train to Gain,Instagram
608466340,12/2/2024,12/18/2024,,,,16,,,,Unlock Your Potential,Instagram
708556344,12/7/2024,12/16/2024,12/17/2024,12/19/2024,,9,1,2,,Unlock Your Potential,Instagram
608646348,12/7/2024,12/14/2024,,,,7,,,,Unlock Your Potential,YouTube
608736351,12/5/2024,12/7/2024,,,,2,,,,Unlock Your Potential,YouTube
608826355,12/2/2024,12/15/2024,12/16/2024,12/21/2024,12/27/2024,13,1,5,6,Train to Gain,Instagram
608916359,12/5/2024,,,,,,,,,Train to Gain,YouTube
709006363,12/7/2024,,,,,,,,,Train to Gain,YouTube
709096367,12/2/2024,12/4/2024,12/5/2024,12/14/2024,,2,1,9,,Train to Gain,Facebook
609186370,12/1/2024,,,,,,,,,Train to Gain,YouTube
609276374,12/5/2024,,,,,,,,,Train to Gain,YouTube
709366378,12/6/2024,,,,,,,,,Grow with Us,YouTube
609456382,12/4/2024,12/10/2024,12/11/2024,12/17/2024,12/19/2024,6,1,6,2,Unlock Your Potential,Instagram
709546385,12/2/2024,,,,,,,,,Unlock Your Potential,Instagram
609636389,12/6/2024,12/8/2024,12/9/2024,12/16/2024,12/22/2024,2,1,7,6,Train to Gain,Instagram
709726393,12/6/2024,12/16/2024,12/17/2024,12/19/2024,12/23/2024,10,1,2,4,Grow with Us,Instagram
609816397,12/1/2024,,,,,,,,,Train to Gain,Instagram
609906401,12/2/2024,,,,,,,,,Grow with Us,Instagram
709996404,12/3/2024,12/13/2024,,,,10,,,,Train to Gain,Instagram
600086408,12/5/2024,12/9/2024,12/10/2024,12/17/2024,12/22/2024,4,1,7,5,Unlock Your Potential,Instagram
700176412,12/6/2024,,,,,,,,,Train to Gain,Instagram
700266416,12/2/2024,,,,,,,,,Train to Gain,Instagram
600356419,12/2/2024,,,,,,,,,Train to Gain,Instagram
700446423,12/6/2024,12/11/2024,12/12/2024,12/14/2024,,5,1,2,,Train to Gain,YouTube
600536427,12/2/2024,12/15/2024,12/16/2024,12/23/2024,12/25/2024,13,1,7,2,Train to Gain,Instagram
600626431,12/1/2024,12/8/2024,12/9/2024,12/9/2024,,7,1,0,,Grow with Us,Instagram
600716435,12/1/2024,,,,,,,,,Train to Gain,Instagram
700806438,12/3/2024,12/13/2024,,,,10,,,,Train to Gain,YouTube
700896442,12/3/2024,,,,,,,,,Train to Gain,Instagram
600986446,12/1/2024,,,,,,,,,Unlock Your Potential,Facebook
701076450,12/2/2024,12/11/2024,12/12/2024,12/15/2024,12/17/2024,9,1,3,2,Train to Gain,Instagram
601166453,12/1/2024,,,,,,,,,Train to Gain,YouTube
601256457,12/3/2024,,,,,,,,,Unlock Your Potential,YouTube
601346461,12/7/2024,12/17/2024,12/18/2024,12/20/2024,12/22/2024,10,1,2,2,Train to Gain,YouTube
601436465,12/2/2024,12/4/2024,12/5/2024,12/16/2024,,2,1,11,,Grow with Us,Instagram
701526469,12/2/2024,,,,,,,,,Train to Gain,YouTube
601616472,12/2/2024,12/19/2024,,,,17,,,,Unlock Your Potential,Facebook
701706476,12/3/2024,,,,,,,,,Unlock Your Potential,YouTube
601796480,12/2/2024,,,,,,,,,Train to Gain,Instagram
601886484,12/6/2024,12/11/2024,12/12/2024,12/17/2024,12/19/2024,5,1,5,2,Train to Gain,Instagram
701976487,12/6/2024,,,,,,,,,Train to Gain,Instagram
602066491,12/4/2024,12/14/2024,,,,10,,,,Train to Gain,YouTube
702156495,12/2/2024,12/10/2024,12/11/2024,12/16/2024,12/17/2024,8,1,5,1,Grow with Us,Instagram
702246499,12/1/2024,12/11/2024,12/12/2024,12/12/2024,12/16/2024,10,1,0,4,Train to Gain,Instagram
602336503,12/2/2024,12/5/2024,12/6/2024,12/6/2024,,3,1,0,,Train to Gain,Instagram
702426506,12/3/2024,,,,,,,,,Grow with Us,YouTube
702516510,12/6/2024,,,,,,,,,Grow with Us,YouTube
702606514,12/2/2024,,,,,,,,,Unlock Your Potential,Instagram
602696518,12/2/2024,,,,,,,,,Unlock Your Potential,Instagram
602786521,12/1/2024,,,,,,,,,Unlock Your Potential,Instagram
702876525,12/1/2024,12/11/2024,,,,10,,,,Unlock Your Potential,Instagram
702966529,12/7/2024,12/15/2024,12/16/2024,12/17/2024,12/20/2024,8,1,1,3,Train to Gain,Instagram
703056533,12/5/2024,12/13/2024,12/14/2024,12/15/2024,12/17/2024,8,1,1,2,Train to Gain,Instagram
703146537,12/2/2024,12/14/2024,12/15/2024,12/20/2024,12/21/2024,12,1,5,1,Grow with Us,Instagram
603236540,12/2/2024,,,,,,,,,Train to Gain,Instagram
603326544,12/4/2024,12/6/2024,12/7/2024,12/14/2024,,2,1,7,,Grow with Us,YouTube
603416548,12/5/2024,12/6/2024,12/7/2024,,,1,1,,,Train to Gain,Facebook
603506552,12/5/2024,,,,,,,,,Unlock Your Potential,Instagram
703596555,12/2/2024,12/11/2024,12/12/2024,12/12/2024,12/13/2024,9,1,0,1,Train to Gain,Facebook
703686559,12/7/2024,,,,,,,,,Unlock Your Potential,YouTube
603776563,12/3/2024,,,,,,,,,Unlock Your Potential,YouTube
603866567,12/4/2024,,,,,,,,,Unlock Your Potential,YouTube
603956571,12/2/2024,,,,,,,,,Train to Gain,YouTube
604046574,12/5/2024,12/11/2024,12/12/2024,12/17/2024,12/18/2024,6,1,5,1,Unlock Your Potential,YouTube
604136578,12/7/2024,12/16/2024,12/17/2024,12/19/2024,,9,1,2,,Train to Gain,YouTube
704226582,12/1/2024,,,,,,,,,Unlock Your Potential,YouTube
604316586,12/4/2024,12/11/2024,12/12/2024,12/13/2024,12/17/2024,7,1,1,4,Train to Gain,Instagram
604406589,12/3/2024,,,,,,,,,Grow with Us,YouTube
604496593,12/1/2024,,,,,,,,,Train to Gain,Instagram
604586597,12/2/2024,12/19/2024,12/20/2024,12/20/2024,12/26/2024,17,1,0,6,Train to Gain,Instagram
704676601,12/7/2024,,,,,,,,,Train to Gain,YouTube
604766605,12/7/2024,,,,,,,,,Train to Gain,YouTube
704856608,12/2/2024,,,,,,,,,Unlock Your Potential,Instagram
704946612,12/1/2024,12/11/2024,,,,10,,,,Unlock Your Potential,YouTube
605036616,12/5/2024,,,,,,,,,Train to Gain,Instagram
705126620,12/3/2024,12/13/2024,12/14/2024,12/15/2024,12/16/2024,10,1,1,1,Unlock Your Potential,Facebook
605216623,12/4/2024,,,,,,,,,Grow with Us,Instagram
605306627,12/5/2024,12/13/2024,12/14/2024,12/21/2024,,8,1,7,,Train to Gain,YouTube
705396631,12/2/2024,,,,,,,,,Train to Gain,Instagram
705486635,12/1/2024,12/9/2024,,,,8,,,,Unlock Your Potential,Instagram
605576639,12/3/2024,12/20/2024,,,,17,,,,Train to Gain,YouTube
605666642,12/1/2024,,,,,,,,,Unlock Your Potential,Instagram
705756646,12/3/2024,,,,,,,,,Unlock Your Potential,Instagram
705846650,12/6/2024,12/13/2024,12/14/2024,12/15/2024,12/16/2024,7,1,1,1,Unlock Your Potential,YouTube
705936654,12/2/2024,,,,,,,,,Grow with Us,YouTube
706026657,12/5/2024,,,,,,,,,Train to Gain,Instagram
606116661,12/2/2024,,,,,,,,,Unlock Your Potential,Instagram
606206665,12/7/2024,12/11/2024,12/12/2024,12/16/2024,12/17/2024,4,1,4,1,Train to Gain,Instagram
606296669,12/1/2024,,,,,,,,,Train to Gain,Instagram
706386673,12/2/2024,,,,,,,,,Train to Gain,YouTube
606476676,12/6/2024,,,,,,,,,Train to Gain,YouTube
606566680,12/5/2024,12/7/2024,12/8/2024,12/10/2024,,2,1,2,,Train to Gain,Instagram
606656684,12/4/2024,12/9/2024,12/10/2024,12/15/2024,12/16/2024,5,1,5,1,Train to Gain,YouTube
706746688,12/1/2024,,,,,,,,,Grow with Us,Facebook
706836691,12/2/2024,,,,,,,,,Unlock Your Potential,YouTube
706926695,12/1/2024,12/5/2024,12/6/2024,12/14/2024,,4,1,8,,Unlock Your Potential,YouTube
607016699,12/2/2024,,,,,,,,,Unlock Your Potential,Instagram
607106703,12/2/2024,12/10/2024,12/11/2024,12/18/2024,12/20/2024,8,1,7,2,Train to Gain,Facebook
607196707,12/6/2024,,,,,,,,,Train to Gain,YouTube
707286710,12/2/2024,,,,,,,,,Train to Gain,Instagram
707376714,12/2/2024,12/18/2024,,,,16,,,,Unlock Your Potential,YouTube
707466718,12/2/2024,,,,,,,,,Train to Gain,Facebook
607556722,12/7/2024,,,,,,,,,Train to Gain,Instagram
607646725,12/1/2024,12/11/2024,12/12/2024,12/17/2024,12/19/2024,10,1,5,2,Train to Gain,Instagram
607736729,12/2/2024,,,,,,,,,Train to Gain,YouTube
607826733,12/2/2024,12/13/2024,12/14/2024,12/19/2024,12/20/2024,11,1,5,1,Train to Gain,Instagram
707916737,12/7/2024,,,,,,,,,Train to Gain,YouTube
708006741,12/5/2024,12/9/2024,,,,4,,,,Train to Gain,Instagram
608096744,12/3/2024,,,,,,,,,Train to Gain,Instagram
708186748,12/1/2024,12/4/2024,12/5/2024,12/12/2024,,3,1,7,,Train to Gain,YouTube
608276752,12/1/2024,12/10/2024,12/11/2024,12/12/2024,,9,1,1,,Unlock Your Potential,Instagram
608366756,12/7/2024,12/14/2024,12/15/2024,12/18/2024,,7,1,3,,Unlock Your Potential,Instagram
608456759,12/4/2024,,,,,,,,,Train to Gain,Instagram
608546763,12/4/2024,12/6/2024,12/7/2024,12/10/2024,12/12/2024,2,1,3,2,Grow with Us,Instagram
608636767,12/2/2024,,,,,,,,,Train to Gain,Instagram
708726771,12/5/2024,12/15/2024,12/16/2024,12/18/2024,12/20/2024,10,1,2,2,Train to Gain,Instagram
608816775,12/5/2024,12/7/2024,,,,2,,,,Train to Gain,Instagram
608906778,12/5/2024,12/14/2024,,,,9,,,,Train to Gain,YouTube
608996782,12/2/2024,,,,,,,,,Train to Gain,Facebook
709086786,12/4/2024,12/14/2024,,,,10,,,,Train to Gain,Facebook
609176790,12/2/2024,12/4/2024,12/5/2024,12/19/2024,12/22/2024,2,1,14,3,Unlock Your Potential,YouTube
609266793,12/6/2024,12/12/2024,,,,6,,,,Grow with Us,YouTube
709356797,12/3/2024,12/6/2024,12/7/2024,12/9/2024,12/10/2024,3,1,2,1,Train to Gain,Instagram
640608010,12/3/2024,,,,,,,,,Train to Gain,Instagram
609536805,12/2/2024,,,,,,,,,Train to Gain,Instagram
709626809,12/2/2024,12/15/2024,12/16/2024,12/19/2024,12/20/2024,13,1,3,1,Unlock Your Potential,Instagram
709716812,12/5/2024,,,,,,,,,Unlock Your Potential,Instagram
709806816,12/3/2024,12/10/2024,12/11/2024,12/14/2024,12/15/2024,7,1,3,1,Train to Gain,YouTube
609896820,12/5/2024,,,,,,,,,Train to Gain,YouTube
609986824,12/1/2024,,,,,,,,,Train to Gain,Instagram
600076827,12/1/2024,,,,,,,,,Unlock Your Potential,Instagram
600166831,12/2/2024,,,,,,,,,Train to Gain,YouTube
700256835,12/7/2024,12/15/2024,,,,8,,,,Grow with Us,YouTube
700346839,12/6/2024,12/16/2024,,,,10,,,,Train to Gain,Instagram
600436843,12/3/2024,12/17/2024,12/18/2024,12/18/2024,12/23/2024,14,1,0,5,Train to Gain,Instagram
600526846,12/4/2024,,,,,,,,,Train to Gain,YouTube
600616850,12/4/2024,12/5/2024,12/6/2024,,,1,1,,,Train to Gain,YouTube
700706854,12/4/2024,,,,,,,,,Grow with Us,Instagram
700796858,12/1/2024,12/12/2024,12/13/2024,12/18/2024,12/19/2024,11,1,5,1,Unlock Your Potential,YouTube
600886861,12/3/2024,12/11/2024,,,,8,,,,Grow with Us,Instagram
600976865,12/1/2024,12/17/2024,,,,16,,,,Unlock Your Potential,Instagram
601066869,12/2/2024,,,,,,,,,Unlock Your Potential,Facebook
701156873,12/2/2024,,,,,,,,,Grow with Us,Facebook
701246877,12/2/2024,12/5/2024,12/6/2024,12/13/2024,12/17/2024,3,1,7,4,Grow with Us,Instagram
701336880,12/2/2024,12/14/2024,,,,12,,,,Train to Gain,Facebook
601426884,12/5/2024,,,,,,,,,Train to Gain,YouTube
601516888,12/3/2024,12/13/2024,12/14/2024,12/21/2024,12/22/2024,10,1,7,1,Train to Gain,Instagram
701606892,12/1/2024,,,,,,,,,Train to Gain,Instagram
701696895,12/2/2024,12/19/2024,12/20/2024,12/20/2024,12/23/2024,17,1,0,3,Unlock Your Potential,Instagram
701786899,12/6/2024,12/14/2024,,,,8,,,,Unlock Your Potential,YouTube
601876903,12/1/2024,12/14/2024,12/15/2024,12/17/2024,12/19/2024,13,1,2,2,Unlock Your Potential,Instagram
701966907,12/1/2024,12/5/2024,,,,4,,,,Grow with Us,Facebook
602056911,12/3/2024,,,,,,,,,Train to Gain,Instagram
602146914,12/3/2024,12/4/2024,12/5/2024,12/7/2024,12/8/2024,1,1,2,1,Train to Gain,Instagram
702236918,12/1/2024,12/9/2024,12/10/2024,12/16/2024,,8,1,6,,Unlock Your Potential,YouTube
702326922,12/6/2024,12/7/2024,12/8/2024,12/15/2024,12/20/2024,1,1,7,5,Unlock Your Potential,Instagram
602416926,12/2/2024,12/6/2024,12/7/2024,12/14/2024,12/20/2024,4,1,7,6,Unlock Your Potential,Instagram
602506929,12/6/2024,,,,,,,,,Unlock Your Potential,Instagram
702596933,12/4/2024,12/7/2024,12/8/2024,12/18/2024,12/21/2024,3,1,10,3,Train to Gain,Instagram
602686937,12/2/2024,,,,,,,,,Grow with Us,Instagram
702776941,12/5/2024,12/6/2024,,,,1,,,,Train to Gain,Instagram
602866945,12/3/2024,,,,,,,,,Train to Gain,Instagram
602956948,12/7/2024,12/17/2024,,,,10,,,,Grow with Us,Instagram
603046952,12/2/2024,,,,,,,,,Unlock Your Potential,Facebook
703136956,12/2/2024,,,,,,,,,Train to Gain,Instagram
603226960,12/6/2024,,,,,,,,,Unlock Your Potential,YouTube
703316963,12/4/2024,,,,,,,,,Grow with Us,YouTube
603406967,12/2/2024,12/5/2024,12/6/2024,12/13/2024,12/17/2024,3,1,7,4,Train to Gain,Instagram
703496971,12/2/2024,,,,,,,,,Grow with Us,YouTube
703586975,12/2/2024,12/19/2024,,,,17,,,,Grow with Us,Instagram
603676979,12/6/2024,,,,,,,,,Train to Gain,Facebook
703766982,12/6/2024,12/13/2024,12/14/2024,12/19/2024,12/20/2024,7,1,5,1,Grow with Us,YouTube
603856986,12/2/2024,12/11/2024,12/12/2024,12/18/2024,12/20/2024,9,1,6,2,Train to Gain,YouTube
603946990,12/5/2024,12/12/2024,,,,7,,,,Train to Gain,Facebook
704036994,12/5/2024,12/13/2024,,,,8,,,,Unlock Your Potential,Instagram
604126997,12/1/2024,12/3/2024,12/4/2024,12/11/2024,12/13/2024,2,1,7,2,Unlock Your Potential,Instagram
704217001,12/3/2024,12/5/2024,,,,2,,,,Unlock Your Potential,Instagram
604307005,12/5/2024,,,,,,,,,Unlock Your Potential,Facebook
604397009,12/1/2024,12/2/2024,,,,1,,,,Train to Gain,YouTube
704487013,12/3/2024,,,,,,,,,Grow with Us,YouTube
604577016,12/2/2024,12/10/2024,12/11/2024,12/18/2024,12/20/2024,8,1,7,2,Grow with Us,Instagram
704667020,12/3/2024,12/11/2024,,,,8,,,,Grow with Us,YouTube
704757024,12/3/2024,,,,,,,,,Train to Gain,Instagram
704847028,12/2/2024,,,,,,,,,Unlock Your Potential,Instagram
604937031,12/2/2024,,,,,,,,,Unlock Your Potential,Instagram
605027035,12/1/2024,12/8/2024,12/9/2024,12/10/2024,12/11/2024,7,1,1,1,Train to Gain,Instagram
705117039,12/1/2024,12/16/2024,12/17/2024,12/19/2024,12/21/2024,15,1,2,2,Grow with Us,Instagram
705207043,12/3/2024,,,,,,,,,Unlock Your Potential,YouTube
705297047,12/5/2024,12/9/2024,12/10/2024,12/14/2024,12/21/2024,4,1,4,7,Unlock Your Potential,Instagram
605387050,12/3/2024,,,,,,,,,Train to Gain,Instagram
605477054,12/2/2024,,,,,,,,,Train to Gain,Instagram
705567058,12/3/2024,,,,,,,,,Train to Gain,Instagram
605657062,12/5/2024,,,,,,,,,Train to Gain,YouTube
705747065,12/2/2024,12/14/2024,,,,12,,,,Train to Gain,Instagram
605837069,12/3/2024,12/6/2024,12/7/2024,12/13/2024,12/14/2024,3,1,6,1,Train to Gain,Instagram
705927073,12/2/2024,12/17/2024,12/18/2024,12/19/2024,12/21/2024,15,1,1,2,Grow with Us,YouTube
606017077,12/2/2024,12/18/2024,12/19/2024,,,16,1,,,Grow with Us,YouTube
606107081,12/7/2024,12/10/2024,12/11/2024,12/13/2024,,3,1,2,,Unlock Your Potential,YouTube
606197084,12/3/2024,12/10/2024,12/11/2024,12/17/2024,,7,1,6,,Train to Gain,YouTube
606287088,12/1/2024,,,,,,,,,Train to Gain,Instagram
706030707,12/4/2024,12/7/2024,12/8/2024,12/16/2024,12/19/2024,3,1,8,3,Train to Gain,YouTube
706467096,12/1/2024,12/10/2024,,,,9,,,,Unlock Your Potential,Facebook
706557099,12/7/2024,12/8/2024,,,,1,,,,Train to Gain,Facebook
606647103,12/4/2024,12/6/2024,,,,2,,,,Unlock Your Potential,Facebook
606737107,12/6/2024,12/12/2024,12/13/2024,12/15/2024,,6,1,2,,Train to Gain,Instagram
706827111,12/7/2024,12/16/2024,,,,9,,,,Unlock Your Potential,Facebook
706917115,12/3/2024,,,,,,,,,Unlock Your Potential,Instagram
607007118,12/4/2024,12/13/2024,12/14/2024,12/16/2024,,9,1,2,,Unlock Your Potential,YouTube
707097122,12/4/2024,12/5/2024,,,,1,,,,Grow with Us,YouTube
707187126,12/7/2024,12/11/2024,,,,4,,,,Unlock Your Potential,Facebook
707277130,12/2/2024,,,,,,,,,Unlock Your Potential,Instagram
707367133,12/2/2024,12/10/2024,12/11/2024,12/15/2024,12/17/2024,8,1,4,2,Train to Gain,YouTube
707457137,12/1/2024,,,,,,,,,Unlock Your Potential,Instagram
707547141,12/2/2024,,,,,,,,,Grow with Us,Instagram
707637145,12/7/2024,12/9/2024,,,,2,,,,Train to Gain,YouTube
707727149,12/3/2024,12/4/2024,12/5/2024,12/7/2024,12/9/2024,1,1,2,2,Unlock Your Potential,Facebook
707817152,12/1/2024,,,,,,,,,Unlock Your Potential,Facebook
707907156,12/5/2024,12/14/2024,12/15/2024,12/15/2024,,9,1,0,,Unlock Your Potential,YouTube
607997160,12/6/2024,,,,,,,,,Unlock Your Potential,Instagram
608087164,12/7/2024,12/12/2024,,,,5,,,,Train to Gain,Instagram
708177167,12/1/2024,12/5/2024,12/6/2024,12/16/2024,12/21/2024,4,1,10,5,Train to Gain,Instagram
608267171,12/6/2024,,,,,,,,,Train to Gain,YouTube
608357175,12/5/2024,,,,,,,,,Unlock Your Potential,Instagram
608447179,12/2/2024,12/3/2024,12/4/2024,12/13/2024,12/18/2024,1,1,9,5,Train to Gain,Instagram
708537183,12/1/2024,12/11/2024,12/12/2024,12/12/2024,12/14/2024,10,1,0,2,Train to Gain,Instagram
708627186,12/6/2024,12/7/2024,,,,1,,,,Unlock Your Potential,Instagram
608717190,12/1/2024,12/12/2024,,,,11,,,,Train to Gain,Instagram
608807194,12/6/2024,,,,,,,,,Grow with Us,YouTube
608897198,12/1/2024,12/10/2024,12/11/2024,,,9,1,,,Unlock Your Potential,YouTube
608987201,12/5/2024,,,,,,,,,Train to Gain,Instagram
609077205,12/1/2024,12/9/2024,12/10/2024,12/11/2024,12/12/2024,8,1,1,1,Train to Gain,Instagram
709167209,12/4/2024,12/6/2024,,,,2,,,,Train to Gain,Instagram
609257213,12/4/2024,,,,,,,,,Train to Gain,Instagram
609347217,12/6/2024,,,,,,,,,Train to Gain,YouTube
609437220,12/4/2024,12/13/2024,12/14/2024,12/18/2024,12/24/2024,9,1,4,6,Unlock Your Potential,Instagram
609527224,12/3/2024,12/4/2024,12/5/2024,12/10/2024,12/16/2024,1,1,5,6,Unlock Your Potential,Instagram
709617228,12/7/2024,,,,,,,,,Grow with Us,Facebook
709707232,12/3/2024,12/8/2024,12/9/2024,12/14/2024,12/21/2024,5,1,5,7,Unlock Your Potential,Facebook
609797235,12/1/2024,12/11/2024,12/12/2024,12/19/2024,12/24/2024,10,1,7,5,Train to Gain,YouTube
609887239,12/2/2024,,,,,,,,,Train to Gain,YouTube
709977243,12/5/2024,12/8/2024,12/9/2024,12/20/2024,12/25/2024,3,1,11,5,Unlock Your Potential,Instagram
600067247,12/3/2024,12/5/2024,12/6/2024,12/8/2024,12/9/2024,2,1,2,1,Train to Gain,YouTube
600157251,12/6/2024,,,,,,,,,Train to Gain,Instagram
600247254,12/2/2024,,,,,,,,,Unlock Your Potential,Facebook
700337258,12/6/2024,,,,,,,,,Train to Gain,Instagram
700427262,12/6/2024,,,,,,,,,Unlock Your Potential,Instagram
600517266,12/3/2024,12/10/2024,12/11/2024,12/11/2024,12/12/2024,7,1,0,1,Train to Gain,Instagram
600607269,12/1/2024,,,,,,,,,Train to Gain,Instagram
600697273,12/1/2024,,,,,,,,,Grow with Us,YouTube
700787277,12/6/2024,12/12/2024,,,,6,,,,Train to Gain,YouTube
700877281,12/7/2024,12/8/2024,12/9/2024,12/16/2024,12/23/2024,1,1,7,7,Train to Gain,YouTube
600967285,12/6/2024,,,,,,,,,Train to Gain,YouTube
601057288,12/2/2024,12/10/2024,12/11/2024,12/24/2024,12/30/2024,8,1,13,6,Train to Gain,YouTube
601147292,12/4/2024,,,,,,,,,Grow with Us,YouTube
601237296,12/1/2024,,,,,,,,,Unlock Your Potential,Instagram
701327300,12/5/2024,,,,,,,,,Unlock Your Potential,Instagram
601417303,12/1/2024,12/7/2024,12/8/2024,12/15/2024,12/17/2024,6,1,7,2,Grow with Us,Instagram
701507307,12/5/2024,12/13/2024,,,,8,,,,Unlock Your Potential,Instagram
601597311,12/3/2024,,,,,,,,,Train to Gain,YouTube
601687315,12/1/2024,,,,,,,,,Train to Gain,Instagram
601777319,12/2/2024,12/15/2024,,,,13,,,,Unlock Your Potential,Instagram
701867322,12/6/2024,,,,,,,,,Train to Gain,Facebook
601957326,12/3/2024,,,,,,,,,Train to Gain,Instagram
702047330,12/3/2024,12/5/2024,12/6/2024,12/13/2024,12/14/2024,2,1,7,1,Unlock Your Potential,YouTube
702137334,12/4/2024,,,,,,,,,Train to Gain,YouTube
602227337,12/1/2024,,,,,,,,,Train to Gain,YouTube
602317341,12/1/2024,,,,,,,,,Unlock Your Potential,Instagram
702407345,12/5/2024,12/7/2024,,,,2,,,,Unlock Your Potential,Facebook
602497349,12/2/2024,,,,,,,,,Train to Gain,Instagram
702587353,12/1/2024,12/10/2024,12/11/2024,12/23/2024,12/29/2024,9,1,12,6,Train to Gain,YouTube
702677356,12/1/2024,12/6/2024,12/7/2024,,,5,1,,,Unlock Your Potential,YouTube
702767360,12/3/2024,12/13/2024,,,,10,,,,Unlock Your Potential,YouTube
702857364,12/1/2024,12/2/2024,12/3/2024,12/10/2024,12/11/2024,1,1,7,1,Train to Gain,Instagram
702947368,12/1/2024,,,,,,,,,Train to Gain,Facebook
703037371,12/6/2024,12/12/2024,12/13/2024,12/18/2024,12/20/2024,6,1,5,2,Grow with Us,YouTube
703127375,12/2/2024,,,,,,,,,Train to Gain,Instagram
703217379,12/5/2024,12/12/2024,,,,7,,,,Grow with Us,YouTube
703307383,12/4/2024,12/9/2024,12/10/2024,12/13/2024,12/15/2024,5,1,3,2,Grow with Us,Instagram
703397387,12/6/2024,,,,,,,,,Grow with Us,Instagram
703487390,12/2/2024,12/18/2024,12/19/2024,12/19/2024,12/21/2024,16,1,0,2,Train to Gain,YouTube
703577394,12/1/2024,,,,,,,,,Unlock Your Potential,YouTube
603667398,12/7/2024,12/13/2024,12/14/2024,,,6,1,,,Train to Gain,YouTube
703757402,12/3/2024,,,,,,,,,Unlock Your Potential,YouTube
603847405,12/1/2024,,,,,,,,,Unlock Your Potential,Instagram
703937409,12/6/2024,,,,,,,,,Train to Gain,Instagram
604027413,12/7/2024,,,,,,,,,Train to Gain,Instagram
604117417,12/5/2024,12/12/2024,12/13/2024,12/18/2024,12/20/2024,7,1,5,2,Train to Gain,YouTube
704207421,12/6/2024,12/9/2024,12/10/2024,12/17/2024,12/18/2024,3,1,7,1,Unlock Your Potential,Instagram
704297424,12/1/2024,,,,,,,,,Train to Gain,Instagram
604387428,12/1/2024,,,,,,,,,Train to Gain,Instagram
704477432,12/4/2024,,,,,,,,,Train to Gain,YouTube
704567436,12/1/2024,12/17/2024,12/18/2024,12/22/2024,,16,1,4,,Unlock Your Potential,YouTube
704657439,12/7/2024,12/11/2024,12/12/2024,12/17/2024,,4,1,5,,Unlock Your Potential,Instagram
604747443,12/1/2024,12/11/2024,12/12/2024,12/13/2024,12/16/2024,10,1,1,3,Train to Gain,YouTube
604837447,12/2/2024,12/12/2024,,,,10,,,,Unlock Your Potential,Instagram
604927451,12/2/2024,12/7/2024,12/8/2024,12/13/2024,12/19/2024,5,1,5,6,Train to Gain,Instagram
605017455,12/2/2024,12/11/2024,12/12/2024,12/15/2024,12/21/2024,9,1,3,6,Train to Gain,Instagram
605107458,12/1/2024,,,,,,,,,Train to Gain,YouTube
705197462,12/1/2024,12/4/2024,12/5/2024,12/8/2024,12/9/2024,3,1,3,1,Unlock Your Potential,YouTube
705287466,12/1/2024,,,,,,,,,Unlock Your Potential,Instagram
605377470,12/2/2024,12/11/2024,,,,9,,,,Train to Gain,Instagram
705467473,12/1/2024,,,,,,,,,Grow with Us,Facebook
705557477,12/6/2024,,,,,,,,,Train to Gain,Instagram
705647481,12/4/2024,12/8/2024,12/9/2024,12/9/2024,,4,1,0,,Unlock Your Potential,Instagram
605737485,12/2/2024,12/4/2024,,,,2,,,,Unlock Your Potential,YouTube
705827489,12/3/2024,12/6/2024,12/7/2024,12/13/2024,12/16/2024,3,1,6,3,Train to Gain,YouTube
705917492,12/3/2024,,,,,,,,,Train to Gain,YouTube
706007496,12/2/2024,12/4/2024,12/5/2024,12/13/2024,12/16/2024,2,1,8,3,Unlock Your Potential,Instagram
706097500,12/4/2024,12/10/2024,,,,6,,,,Unlock Your Potential,Facebook
706187504,12/3/2024,12/13/2024,12/14/2024,,,10,1,,,Train to Gain,YouTube
706277507,12/3/2024,,,,,,,,,Grow with Us,YouTube
606367511,12/2/2024,12/19/2024,,,,17,,,,Unlock Your Potential,YouTube
606457515,12/4/2024,12/13/2024,12/14/2024,12/14/2024,12/20/2024,9,1,0,6,Unlock Your Potential,YouTube
706547519,12/1/2024,,,,,,,,,Train to Gain,YouTube
606637523,12/4/2024,,,,,,,,,Train to Gain,Facebook
606727526,12/3/2024,,,,,,,,,Train to Gain,YouTube
606817530,12/7/2024,,,,,,,,,Train to Gain,Instagram
706907534,12/6/2024,,,,,,,,,Train to Gain,YouTube
706997538,12/6/2024,,,,,,,,,Train to Gain,Instagram
707087541,12/5/2024,12/7/2024,12/8/2024,12/20/2024,12/24/2024,2,1,12,4,Unlock Your Potential,YouTube
607177545,12/2/2024,,,,,,,,,Grow with Us,Instagram
707267549,12/5/2024,,,,,,,,,Grow with Us,YouTube
707357553,12/7/2024,,,,,,,,,Unlock Your Potential,YouTube
707447557,12/3/2024,,,,,,,,,Train to Gain,Instagram
707537560,12/1/2024,12/11/2024,12/12/2024,12/18/2024,12/20/2024,10,1,6,2,Train to Gain,YouTube
607627564,12/5/2024,,,,,,,,,Train to Gain,Instagram
707717568,12/1/2024,12/9/2024,12/10/2024,,,8,1,,,Unlock Your Potential,Instagram
607807572,12/3/2024,,,,,,,,,Train to Gain,Instagram
707897575,12/5/2024,,,,,,,,,Train to Gain,YouTube
607987579,12/1/2024,12/16/2024,,,,15,,,,Grow with Us,Facebook
708077583,12/7/2024,12/17/2024,12/18/2024,12/20/2024,,10,1,2,,Unlock Your Potential,YouTube
708167587,12/1/2024,,,,,,,,,Grow with Us,Facebook
708257591,12/4/2024,12/11/2024,12/12/2024,12/15/2024,12/22/2024,7,1,3,7,Unlock Your Potential,Instagram
708347594,12/1/2024,12/5/2024,12/6/2024,12/12/2024,12/13/2024,4,1,6,1,Grow with Us,Instagram
708437598,12/6/2024,12/16/2024,12/17/2024,12/17/2024,12/22/2024,10,1,0,5,Unlock Your Potential,YouTube
608527602,12/1/2024,,,,,,,,,Unlock Your Potential,Instagram
608617606,12/7/2024,,,,,,,,,Train to Gain,YouTube
608707609,12/3/2024,,,,,,,,,Grow with Us,Instagram
608797613,12/5/2024,,,,,,,,,Unlock Your Potential,YouTube
608887617,12/5/2024,12/13/2024,12/14/2024,,,8,1,,,Train to Gain,Instagram
708977621,12/4/2024,12/11/2024,12/12/2024,12/14/2024,12/16/2024,7,1,2,2,Train to Gain,Instagram
709067625,12/2/2024,,,,,,,,,Unlock Your Potential,YouTube
609157628,12/2/2024,,,,,,,,,Train to Gain,YouTube
709247632,12/3/2024,,,,,,,,,Train to Gain,YouTube
609337636,12/3/2024,,,,,,,,,Train to Gain,Instagram
609427640,12/1/2024,12/8/2024,12/9/2024,12/13/2024,12/15/2024,7,1,4,2,Train to Gain,Facebook
609517643,12/4/2024,12/7/2024,12/8/2024,12/12/2024,12/18/2024,3,1,4,6,Train to Gain,Instagram
709607647,12/7/2024,12/12/2024,,,,5,,,,Unlock Your Potential,Instagram
709697651,12/6/2024,12/7/2024,,,,1,,,,Train to Gain,YouTube
609787655,12/6/2024,12/14/2024,12/15/2024,,,8,1,,,Unlock Your Potential,Instagram
609877659,12/1/2024,12/5/2024,12/6/2024,12/11/2024,12/13/2024,4,1,5,2,Train to Gain,Instagram
709967662,12/1/2024,,,,,,,,,Unlock Your Potential,Instagram
600057666,12/3/2024,,,,,,,,,Train to Gain,YouTube
700147670,12/2/2024,12/4/2024,12/5/2024,12/11/2024,,2,1,6,,Train to Gain,YouTube
700237674,12/3/2024,,,,,,,,,Unlock Your Potential,YouTube
600327677,12/3/2024,12/9/2024,,,,6,,,,Train to Gain,Instagram
700417681,12/3/2024,12/17/2024,12/18/2024,12/18/2024,12/24/2024,14,1,0,6,Grow with Us,Facebook
700507685,12/2/2024,,,,,,,,,Unlock Your Potential,Instagram
600509070,12/4/2024,,,,,,,,,Grow with Us,YouTube
600687693,12/3/2024,12/15/2024,12/16/2024,12/18/2024,12/19/2024,12,1,2,1,Train to Gain,Instagram
600777696,12/2/2024,,,,,,,,,Train to Gain,YouTube
600867700,12/4/2024,,,,,,,,,Train to Gain,YouTube
600957704,12/4/2024,,,,,,,,,Grow with Us,Facebook
701047708,12/1/2024,12/8/2024,,,,7,,,,Train to Gain,Instagram
601137711,12/3/2024,12/18/2024,,,,15,,,,Unlock Your Potential,Instagram
601227715,12/5/2024,12/6/2024,12/7/2024,12/14/2024,12/18/2024,1,1,7,4,Grow with Us,Instagram
701317719,12/3/2024,12/15/2024,,,,12,,,,Train to Gain,YouTube
701407723,12/6/2024,12/12/2024,12/13/2024,12/14/2024,,6,1,1,,Grow with Us,Facebook
601497727,12/1/2024,,,,,,,,,Grow with Us,Instagram
701587730,12/1/2024,12/13/2024,12/14/2024,12/19/2024,12/24/2024,12,1,5,5,Unlock Your Potential,YouTube
701677734,12/7/2024,,,,,,,,,Unlock Your Potential,Instagram
701767738,12/6/2024,,,,,,,,,Train to Gain,Instagram
601857742,12/3/2024,12/18/2024,12/19/2024,12/21/2024,12/23/2024,15,1,2,2,Train to Gain,Instagram
601947745,12/5/2024,,,,,,,,,Train to Gain,Instagram
602037749,12/3/2024,12/11/2024,12/12/2024,12/14/2024,,8,1,2,,Unlock Your Potential,Instagram
702127753,12/7/2024,12/11/2024,12/12/2024,12/19/2024,12/24/2024,4,1,7,5,Train to Gain,YouTube
602217757,12/1/2024,,,,,,,,,Grow with Us,Instagram
602307761,12/3/2024,12/6/2024,12/7/2024,12/12/2024,12/17/2024,3,1,5,5,Unlock Your Potential,Instagram
602397764,12/1/2024,,,,,,,,,Unlock Your Potential,YouTube
702487768,12/2/2024,12/14/2024,12/15/2024,12/18/2024,12/20/2024,12,1,3,2,Train to Gain,YouTube
702577772,12/3/2024,,,,,,,,,Unlock Your Potential,YouTube
602667776,12/3/2024,,,,,,,,,Unlock Your Potential,Facebook
702757779,12/5/2024,,,,,,,,,Train to Gain,Instagram
702847783,12/7/2024,12/12/2024,12/13/2024,12/18/2024,12/20/2024,5,1,5,2,Train to Gain,Instagram
602937787,12/7/2024,12/13/2024,,,,6,,,,Train to Gain,YouTube
603027791,12/7/2024,12/17/2024,,,,10,,,,Unlock Your Potential,YouTube
603117795,12/3/2024,12/18/2024,12/19/2024,12/24/2024,12/26/2024,15,1,5,2,Train to Gain,Instagram
703207798,12/6/2024,,,,,,,,,Train to Gain,YouTube
703297802,12/3/2024,,,,,,,,,Unlock Your Potential,Facebook
603387806,12/4/2024,12/5/2024,12/6/2024,12/19/2024,12/22/2024,1,1,13,3,Unlock Your Potential,Instagram
603477810,12/1/2024,,,,,,,,,Grow with Us,Facebook
703567813,12/1/2024,,,,,,,,,Unlock Your Potential,Instagram
603657817,12/1/2024,12/6/2024,12/7/2024,12/12/2024,,5,1,5,,Unlock Your Potential,Instagram
703747821,12/2/2024,12/7/2024,12/8/2024,12/16/2024,12/21/2024,5,1,8,5,Unlock Your Potential,Instagram
703837825,12/7/2024,,,,,,,,,Unlock Your Potential,Instagram
703927829,12/5/2024,12/10/2024,,,,5,,,,Unlock Your Potential,Facebook
604017832,12/2/2024,12/12/2024,12/13/2024,12/16/2024,12/18/2024,10,1,3,2,Train to Gain,Instagram
604107836,12/7/2024,,,,,,,,,Unlock Your Potential,YouTube
604197840,12/6/2024,12/11/2024,12/12/2024,12/12/2024,12/13/2024,5,1,0,1,Train to Gain,Instagram
704287844,12/6/2024,12/10/2024,,,,4,,,,Train to Gain,Instagram
604377847,12/2/2024,,,,,,,,,Train to Gain,Facebook
604467851,12/6/2024,,,,,,,,,Train to Gain,YouTube
704557855,12/2/2024,12/9/2024,12/10/2024,12/15/2024,12/19/2024,7,1,5,4,Train to Gain,YouTube
604647859,12/2/2024,,,,,,,,,Unlock Your Potential,Instagram
604737863,12/3/2024,12/11/2024,12/12/2024,12/13/2024,12/14/2024,8,1,1,1,Train to Gain,Instagram
604827866,12/2/2024,12/11/2024,12/12/2024,12/15/2024,12/22/2024,9,1,3,7,Unlock Your Potential,Instagram
604917870,12/1/2024,12/7/2024,,,,6,,,,Unlock Your Potential,YouTube
605007874,12/5/2024,,,,,,,,,Train to Gain,Instagram
705097878,12/1/2024,12/8/2024,12/9/2024,12/14/2024,12/16/2024,7,1,5,2,Train to Gain,Instagram
605187881,12/4/2024,,,,,,,,,Train to Gain,YouTube
605277885,12/4/2024,,,,,,,,,Train to Gain,Instagram
705367889,12/2/2024,,,,,,,,,Train to Gain,Instagram
605457893,12/1/2024,12/12/2024,12/13/2024,12/20/2024,12/23/2024,11,1,7,3,Unlock Your Potential,YouTube
605547897,12/4/2024,12/13/2024,12/14/2024,12/14/2024,12/17/2024,9,1,0,3,Unlock Your Potential,Instagram
605637900,12/1/2024,12/17/2024,,,,16,,,,Train to Gain,Facebook
705727904,12/1/2024,12/16/2024,12/17/2024,,,15,1,,,Train to Gain,Facebook
705817908,12/2/2024,,,,,,,,,Train to Gain,YouTube
605907912,12/1/2024,12/6/2024,12/7/2024,12/9/2024,12/11/2024,5,1,2,2,Train to Gain,YouTube
605997915,12/5/2024,,,,,,,,,Unlock Your Potential,Facebook
606087919,12/1/2024,12/16/2024,12/17/2024,12/23/2024,12/25/2024,15,1,6,2,Unlock Your Potential,Instagram
606177923,12/2/2024,12/3/2024,,,,1,,,,Train to Gain,Facebook
606267927,12/2/2024,12/10/2024,12/11/2024,12/12/2024,12/15/2024,8,1,1,3,Unlock Your Potential,YouTube
606357931,12/3/2024,12/11/2024,,,,8,,,,Train to Gain,Instagram
706447934,12/2/2024,,,,,,,,,Train to Gain,YouTube
606537938,12/1/2024,,,,,,,,,Train to Gain,Instagram
606627942,12/7/2024,,,,,,,,,Train to Gain,Instagram
706717946,12/2/2024,12/19/2024,12/20/2024,12/22/2024,12/26/2024,17,1,2,4,Grow with Us,Instagram
706807949,12/6/2024,12/7/2024,,,,1,,,,Train to Gain,Facebook
706897953,12/4/2024,12/14/2024,,,,10,,,,Train to Gain,YouTube
706987957,12/6/2024,12/8/2024,12/9/2024,12/14/2024,12/16/2024,2,1,5,2,Unlock Your Potential,Instagram
707077961,12/3/2024,,,,,,,,,Unlock Your Potential,Instagram
607167965,12/6/2024,12/12/2024,12/13/2024,12/13/2024,12/15/2024,6,1,0,2,Train to Gain,YouTube
607257968,12/7/2024,12/10/2024,12/11/2024,12/23/2024,12/27/2024,3,1,12,4,Unlock Your Potential,Instagram
707347972,12/1/2024,,,,,,,,,Train to Gain,YouTube
707437976,12/3/2024,,,,,,,,,Unlock Your Potential,Instagram
607527980,12/5/2024,12/15/2024,,,,10,,,,Train to Gain,YouTube
607617983,12/2/2024,12/4/2024,,,,2,,,,Train to Gain,Instagram
607707987,12/1/2024,12/18/2024,12/19/2024,12/20/2024,12/24/2024,17,1,1,4,Unlock Your Potential,Instagram
607797991,12/5/2024,,,,,,,,,Unlock Your Potential,Instagram
607887995,12/3/2024,,,,,,,,,Unlock Your Potential,YouTube
607977999,12/1/2024,12/2/2024,12/3/2024,12/18/2024,12/23/2024,1,1,15,5,Train to Gain,Instagram
708068002,12/3/2024,12/5/2024,,,,2,,,,Train to Gain,Instagram
608158006,12/3/2024,12/10/2024,12/11/2024,,,7,1,,,Train to Gain,Instagram
608248010,12/4/2024,,,,,,,,,Grow with Us,Facebook
608338014,12/4/2024,,,,,,,,,Train to Gain,Instagram
608428017,12/5/2024,12/13/2024,12/14/2024,12/18/2024,12/22/2024,8,1,4,4,Train to Gain,Instagram
608518021,12/3/2024,12/18/2024,,,,15,,,,Unlock Your Potential,YouTube
708608025,12/3/2024,,,,,,,,,Train to Gain,YouTube
708698029,12/3/2024,12/10/2024,12/11/2024,,,7,1,,,Unlock Your Potential,YouTube
608788033,12/3/2024,,,,,,,,,Grow with Us,Instagram
708878036,12/1/2024,,,,,,,,,Unlock Your Potential,YouTube
708968040,12/7/2024,,,,,,,,,Grow with Us,Instagram
709058044,12/3/2024,12/19/2024,12/20/2024,,,16,1,,,Train to Gain,YouTube
709148048,12/3/2024,12/16/2024,12/17/2024,,,13,1,,,Train to Gain,Instagram
609238051,12/2/2024,,,,,,,,,Train to Gain,YouTube
609328055,12/1/2024,,,,,,,,,Train to Gain,Instagram
709418059,12/6/2024,12/11/2024,12/12/2024,12/19/2024,12/22/2024,5,1,7,3,Train to Gain,YouTube
609508063,12/1/2024,12/2/2024,12/3/2024,,,1,1,,,Unlock Your Potential,Facebook
609598067,12/1/2024,,,,,,,,,Train to Gain,Instagram
709688070,12/7/2024,12/13/2024,12/14/2024,12/22/2024,12/26/2024,6,1,8,4,Train to Gain,Facebook
709778074,12/1/2024,12/9/2024,,,,8,,,,Unlock Your Potential,Instagram
609868078,12/2/2024,12/17/2024,12/18/2024,,,15,1,,,Train to Gain,Instagram
609958082,12/2/2024,,,,,,,,,Unlock Your Potential,YouTube
600048085,12/6/2024,12/9/2024,,,,3,,,,Train to Gain,YouTube
600138089,12/6/2024,,,,,,,,,Train to Gain,YouTube
700228093,12/5/2024,12/12/2024,12/13/2024,,,7,1,,,Unlock Your Potential,Instagram
700318097,12/2/2024,,,,,,,,,Unlock Your Potential,Instagram
700408101,12/7/2024,,,,,,,,,Unlock Your Potential,YouTube
700498104,12/4/2024,,,,,,,,,Train to Gain,YouTube
600588108,12/1/2024,12/5/2024,12/6/2024,,,4,1,,,Unlock Your Potential,Facebook
600678112,12/6/2024,,,,,,,,,Train to Gain,YouTube
600768116,12/4/2024,12/10/2024,,,,6,,,,Train to Gain,Facebook
700858119,12/2/2024,,,,,,,,,Grow with Us,YouTube
600948123,12/2/2024,,,,,,,,,Train to Gain,Facebook
701038127,12/3/2024,12/11/2024,,,,8,,,,Unlock Your Potential,YouTube
701128131,12/6/2024,,,,,,,,,Train to Gain,YouTube
701218135,12/6/2024,12/13/2024,12/14/2024,12/15/2024,12/19/2024,7,1,1,4,Train to Gain,Instagram
601308138,12/1/2024,,,,,,,,,Train to Gain,YouTube
601398142,12/1/2024,12/6/2024,,,,5,,,,Unlock Your Potential,Instagram
701488146,12/4/2024,,,,,,,,,Grow with Us,Instagram
701578150,12/6/2024,,,,,,,,,Unlock Your Potential,YouTube
601668153,12/3/2024,,,,,,,,,Grow with Us,Facebook
601758157,12/2/2024,,,,,,,,,Unlock Your Potential,Instagram
701848161,12/6/2024,,,,,,,,,Unlock Your Potential,Instagram
601938165,12/3/2024,12/20/2024,12/21/2024,12/23/2024,12/26/2024,17,1,2,3,Unlock Your Potential,Instagram
702028169,12/3/2024,,,,,,,,,Unlock Your Potential,Instagram
602118172,12/2/2024,,,,,,,,,Train to Gain,Facebook
702208176,12/7/2024,12/9/2024,12/10/2024,12/20/2024,12/24/2024,2,1,10,4,Grow with Us,Instagram
702298180,12/2/2024,,,,,,,,,Train to Gain,Instagram
702388184,12/7/2024,12/8/2024,12/9/2024,12/15/2024,12/17/2024,1,1,6,2,Train to Gain,Instagram
702478187,12/3/2024,12/13/2024,12/14/2024,12/20/2024,12/23/2024,10,1,6,3,Train to Gain,YouTube
702568191,12/2/2024,,,,,,,,,Train to Gain,Instagram
602658195,12/3/2024,,,,,,,,,Unlock Your Potential,YouTube
602748199,12/3/2024,,,,,,,,,Unlock Your Potential,YouTube
602838203,12/2/2024,,,,,,,,,Unlock Your Potential,Instagram
602928206,12/2/2024,,,,,,,,,Train to Gain,YouTube
703018210,12/1/2024,,,,,,,,,Unlock Your Potential,Facebook
603108214,12/6/2024,,,,,,,,,Train to Gain,Instagram
603198218,12/1/2024,,,,,,,,,Unlock Your Potential,Instagram
703288221,12/7/2024,12/9/2024,,,,2,,,,Train to Gain,Instagram
603378225,12/1/2024,12/16/2024,12/17/2024,12/17/2024,12/20/2024,15,1,0,3,Unlock Your Potential,Instagram
703468229,12/7/2024,12/11/2024,12/12/2024,12/18/2024,12/22/2024,4,1,6,4,Train to Gain,Instagram
703558233,12/3/2024,12/8/2024,12/9/2024,12/18/2024,12/22/2024,5,1,9,4,Train to Gain,Instagram
703648237,12/6/2024,12/11/2024,12/12/2024,12/14/2024,12/17/2024,5,1,2,3,Train to Gain,Instagram
603738240,12/7/2024,12/11/2024,12/12/2024,12/22/2024,12/27/2024,4,1,10,5,Unlock Your Potential,Instagram
603828244,12/3/2024,,,,,,,,,Unlock Your Potential,Instagram
603918248,12/3/2024,,,,,,,,,Unlock Your Potential,Instagram
704008252,12/3/2024,,,,,,,,,Unlock Your Potential,Instagram
604098255,12/1/2024,12/17/2024,12/18/2024,12/19/2024,12/23/2024,16,1,1,4,Unlock Your Potential,Instagram
704188259,12/3/2024,,,,,,,,,Train to Gain,Instagram
704278263,12/4/2024,12/14/2024,12/15/2024,12/19/2024,12/23/2024,10,1,4,4,Train to Gain,Facebook
704368267,12/1/2024,,,,,,,,,Train to Gain,Instagram
604458271,12/1/2024,,,,,,,,,Grow with Us,Instagram
604548274,12/1/2024,,,,,,,,,Train to Gain,YouTube
704638278,12/5/2024,12/7/2024,,,,2,,,,Unlock Your Potential,Facebook
604728282,12/3/2024,,,,,,,,,Train to Gain,YouTube
704818286,12/1/2024,,,,,,,,,Grow with Us,Instagram
604908289,12/3/2024,,,,,,,,,Train to Gain,Instagram
604998293,12/3/2024,12/13/2024,12/14/2024,12/15/2024,,10,1,1,,Unlock Your Potential,YouTube
705088297,12/3/2024,12/7/2024,12/8/2024,12/15/2024,12/20/2024,4,1,7,5,Grow with Us,Instagram
705178301,12/1/2024,,,,,,,,,Unlock Your Potential,Facebook
605268305,12/5/2024,,,,,,,,,Train to Gain,Instagram
705358308,12/5/2024,12/8/2024,12/9/2024,12/19/2024,,3,1,10,,Unlock Your Potential,YouTube
605448312,12/7/2024,12/14/2024,,,,7,,,,Train to Gain,Facebook
605538316,12/3/2024,12/4/2024,12/5/2024,12/8/2024,12/15/2024,1,1,3,7,Train to Gain,Instagram
605628320,12/3/2024,12/4/2024,12/5/2024,12/9/2024,,1,1,4,,Unlock Your Potential,YouTube
705718323,12/1/2024,12/13/2024,,,,12,,,,Unlock Your Potential,Instagram
605808327,12/3/2024,12/10/2024,12/11/2024,12/14/2024,12/16/2024,7,1,3,2,Unlock Your Potential,YouTube
705898331,12/2/2024,12/12/2024,,,,10,,,,Train to Gain,YouTube
705988335,12/2/2024,,,,,,,,,Train to Gain,YouTube
606078339,12/3/2024,12/15/2024,12/16/2024,12/19/2024,12/21/2024,12,1,3,2,Unlock Your Potential,YouTube
606168342,12/3/2024,,,,,,,,,Grow with Us,YouTube
706258346,12/2/2024,12/8/2024,12/9/2024,12/14/2024,,6,1,5,,Train to Gain,YouTube
706348350,12/3/2024,12/18/2024,12/19/2024,12/24/2024,,15,1,5,,Grow with Us,Instagram
606438354,12/4/2024,12/10/2024,12/11/2024,12/12/2024,12/14/2024,6,1,1,2,Train to Gain,Instagram
706528357,12/1/2024,12/14/2024,12/15/2024,12/15/2024,,13,1,0,,Train to Gain,YouTube
606618361,12/2/2024,,,,,,,,,Train to Gain,Facebook
706708365,12/1/2024,12/9/2024,12/10/2024,12/16/2024,12/17/2024,8,1,6,1,Train to Gain,Instagram
706798369,12/4/2024,12/13/2024,12/14/2024,,,9,1,,,Train to Gain,Instagram
606888373,12/3/2024,,,,,,,,,Train to Gain,Instagram
606978376,12/1/2024,12/2/2024,12/3/2024,12/4/2024,12/5/2024,1,1,1,1,Grow with Us,Instagram
707068380,12/3/2024,,,,,,,,,Train to Gain,YouTube
607158384,12/2/2024,12/12/2024,,,,10,,,,Unlock Your Potential,Instagram
607248388,12/4/2024,12/12/2024,12/13/2024,12/14/2024,12/17/2024,8,1,1,3,Unlock Your Potential,YouTube
707338391,12/2/2024,,,,,,,,,Train to Gain,YouTube
607428395,12/5/2024,12/8/2024,12/9/2024,12/21/2024,,3,1,12,,Unlock Your Potential,Instagram
707518399,12/1/2024,12/10/2024,12/11/2024,12/13/2024,12/18/2024,9,1,2,5,Train to Gain,Facebook
607608403,12/7/2024,,,,,,,,,Grow with Us,Instagram
607698407,12/5/2024,,,,,,,,,Train to Gain,Instagram
607788410,12/2/2024,12/12/2024,12/13/2024,12/16/2024,,10,1,3,,Unlock Your Potential,Instagram
607878414,12/5/2024,,,,,,,,,Unlock Your Potential,Facebook
607968418,12/3/2024,12/15/2024,12/16/2024,12/18/2024,12/19/2024,12,1,2,1,Grow with Us,YouTube
608058422,12/1/2024,12/15/2024,12/16/2024,12/16/2024,12/17/2024,14,1,0,1,Grow with Us,Instagram
708148425,12/1/2024,,,,,,,,,Unlock Your Potential,YouTube
708238429,12/2/2024,12/6/2024,12/7/2024,12/11/2024,,4,1,4,,Train to Gain,Instagram
608328433,12/3/2024,,,,,,,,,Train to Gain,Instagram
608418437,12/1/2024,,,,,,,,,Train to Gain,Facebook
608508441,12/3/2024,,,,,,,,,Unlock Your Potential,Instagram
708598444,12/3/2024,,,,,,,,,Train to Gain,Instagram
608688448,12/2/2024,,,,,,,,,Train to Gain,Instagram
608778452,12/2/2024,,,,,,,,,Unlock Your Potential,YouTube
608868456,12/7/2024,,,,,,,,,Unlock Your Potential,YouTube
608958459,12/3/2024,,,,,,,,,Train to Gain,Instagram
709048463,12/5/2024,,,,,,,,,Unlock Your Potential,Facebook
609138467,12/4/2024,12/12/2024,,,,8,,,,Train to Gain,YouTube
609228471,12/4/2024,,,,,,,,,Train to Gain,Instagram
709318475,12/2/2024,12/9/2024,12/10/2024,12/13/2024,,7,1,3,,Train to Gain,Facebook
709408478,12/2/2024,12/7/2024,12/8/2024,12/15/2024,12/19/2024,5,1,7,4,Grow with Us,YouTube
609498482,12/4/2024,12/7/2024,12/8/2024,12/15/2024,12/18/2024,3,1,7,3,Grow with Us,Instagram
709588483,12/5/2024,,,,,,,,,Train to Gain,YouTube
609678490,12/1/2024,,,,,,,,,Unlock Your Potential,Instagram
709768493,12/2/2024,,,,,,,,,Train to Gain,Instagram
709858497,12/1/2024,,,,,,,,,Unlock Your Potential,YouTube
609948501,12/6/2024,,,,,,,,,Train to Gain,Instagram
700038505,12/1/2024,,,,,,,,,Unlock Your Potential,Instagram
700128509,12/1/2024,,,,,,,,,Train to Gain,YouTube
600218512,12/2/2024,,,,,,,,,Unlock Your Potential,YouTube
600308516,12/6/2024,,,,,,,,,Unlock Your Potential,Instagram
600398520,12/2/2024,12/11/2024,12/12/2024,12/17/2024,12/19/2024,9,1,5,2,Train to Gain,Instagram
600488524,12/4/2024,12/5/2024,12/6/2024,12/19/2024,12/23/2024,1,1,13,4,Unlock Your Potential,Instagram
700578527,12/7/2024,,,,,,,,,Unlock Your Potential,Instagram
600668531,12/2/2024,12/3/2024,12/4/2024,12/14/2024,12/19/2024,1,1,10,5,Unlock Your Potential,Instagram
600758535,12/5/2024,12/14/2024,,,,9,,,,Grow with Us,Instagram
700848539,12/7/2024,,,,,,,,,Train to Gain,YouTube
700938543,12/1/2024,,,,,,,,,Train to Gain,Instagram
701028546,12/7/2024,,,,,,,,,Train to Gain,Facebook
601118550,12/5/2024,12/9/2024,12/10/2024,12/16/2024,,4,1,6,,Unlock Your Potential,Instagram
701208554,12/5/2024,,,,,,,,,Train to Gain,Instagram
701298558,12/3/2024,12/7/2024,,,,4,,,,Unlock Your Potential,Instagram
701388561,12/1/2024,12/3/2024,12/4/2024,12/16/2024,12/23/2024,2,1,12,7,Train to Gain,Instagram
701478565,12/4/2024,,,,,,,,,Unlock Your Potential,Instagram
601568569,12/1/2024,12/16/2024,12/17/2024,12/17/2024,12/21/2024,15,1,0,4,Unlock Your Potential,Instagram
701658573,12/1/2024,12/13/2024,12/14/2024,12/16/2024,,12,1,2,,Train to Gain,Instagram
601748577,12/6/2024,,,,,,,,,Grow with Us,Instagram
601838580,12/5/2024,,,,,,,,,Unlock Your Potential,Instagram
601928584,12/6/2024,,,,,,,,,Train to Gain,YouTube
702018588,12/3/2024,12/18/2024,,,,15,,,,Unlock Your Potential,YouTube
702108592,12/1/2024,,,,,,,,,Train to Gain,YouTube
602198595,12/1/2024,,,,,,,,,Train to Gain,Instagram
602288599,12/7/2024,12/10/2024,12/11/2024,12/18/2024,,3,1,7,,Train to Gain,Instagram
602378603,12/3/2024,,,,,,,,,Train to Gain,YouTube
702468607,12/4/2024,,,,,,,,,Train to Gain,Instagram
602558611,12/5/2024,,,,,,,,,Train to Gain,Instagram
702648614,12/5/2024,,,,,,,,,Grow with Us,Facebook
702738618,12/3/2024,,,,,,,,,Train to Gain,Facebook
602828622,12/4/2024,12/11/2024,12/12/2024,12/17/2024,12/19/2024,7,1,5,2,Unlock Your Potential,Instagram
602918626,12/2/2024,12/4/2024,12/5/2024,12/11/2024,12/12/2024,2,1,6,1,Grow with Us,Instagram
703008629,12/1/2024,12/9/2024,12/10/2024,12/23/2024,,8,1,13,,Grow with Us,Instagram
603098633,12/2/2024,12/12/2024,,,,10,,,,Train to Gain,YouTube
703188637,12/3/2024,12/6/2024,12/7/2024,12/8/2024,,3,1,1,,Train to Gain,YouTube
703278641,12/2/2024,,,,,,,,,Train to Gain,Facebook
603368645,12/2/2024,12/9/2024,,,,7,,,,Unlock Your Potential,YouTube
703458648,12/2/2024,12/13/2024,12/14/2024,12/18/2024,,11,1,4,,Unlock Your Potential,YouTube
603548652,12/6/2024,,,,,,,,,Train to Gain,YouTube
703638656,12/5/2024,12/6/2024,12/7/2024,12/19/2024,12/22/2024,1,1,12,3,Grow with Us,Instagram
703728660,12/3/2024,12/12/2024,12/13/2024,12/18/2024,12/23/2024,9,1,5,5,Train to Gain,YouTube
703818663,12/2/2024,,,,,,,,,Train to Gain,Instagram
703908667,12/4/2024,,,,,,,,,Unlock Your Potential,Instagram
603998671,12/3/2024,,,,,,,,,Unlock Your Potential,Instagram
604088675,12/5/2024,,,,,,,,,Train to Gain,Instagram
604178679,12/2/2024,12/12/2024,12/13/2024,12/15/2024,,10,1,2,,Train to Gain,YouTube
604268682,12/1/2024,,,,,,,,,Train to Gain,YouTube
604358686,12/1/2024,,,,,,,,,Unlock Your Potential,Instagram
604448690,12/3/2024,,,,,,,,,Unlock Your Potential,YouTube
704538694,12/3/2024,,,,,,,,,Train to Gain,Instagram
604628697,12/3/2024,,,,,,,,,Unlock Your Potential,Facebook
704718701,12/4/2024,,,,,,,,,Unlock Your Potential,YouTube
604808705,12/3/2024,12/9/2024,,,,6,,,,Unlock Your Potential,Instagram
604898709,12/2/2024,,,,,,,,,Unlock Your Potential,Instagram
704988713,12/6/2024,,,,,,,,,Unlock Your Potential,Instagram
705078716,12/5/2024,,,,,,,,,Grow with Us,Instagram
605168720,12/2/2024,12/10/2024,12/11/2024,12/15/2024,12/16/2024,8,1,4,1,Unlock Your Potential,Instagram
705020204,12/4/2024,12/8/2024,12/9/2024,12/9/2024,12/11/2024,4,1,0,2,Unlock Your Potential,Instagram
605348728,12/3/2024,12/13/2024,12/14/2024,12/18/2024,12/19/2024,10,1,4,1,Unlock Your Potential,Instagram
705438731,12/4/2024,,,,,,,,,Train to Gain,Instagram
705528735,12/4/2024,12/11/2024,12/12/2024,12/15/2024,12/17/2024,7,1,3,2,Unlock Your Potential,Instagram
605618739,12/1/2024,,,,,,,,,Train to Gain,Facebook
705708743,12/3/2024,12/7/2024,12/8/2024,12/14/2024,12/16/2024,4,1,6,2,Unlock Your Potential,Instagram
705798747,12/1/2024,,,,,,,,,Train to Gain,YouTube
605888750,12/5/2024,,,,,,,,,Unlock Your Potential,YouTube
705978754,12/6/2024,,,,,,,,,Grow with Us,YouTube
706068758,12/3/2024,,,,,,,,,Train to Gain,YouTube
606158762,12/2/2024,12/13/2024,12/14/2024,12/19/2024,12/25/2024,11,1,5,6,Grow with Us,Instagram
606248765,12/4/2024,12/11/2024,,,,7,,,,Unlock Your Potential,YouTube
706338769,12/6/2024,,,,,,,,,Unlock Your Potential,Instagram
706428773,12/1/2024,12/9/2024,12/10/2024,12/17/2024,12/19/2024,8,1,7,2,Train to Gain,YouTube
606518777,12/5/2024,12/12/2024,12/13/2024,12/17/2024,12/18/2024,7,1,4,1,Unlock Your Potential,Instagram
706608781,12/3/2024,,,,,,,,,Unlock Your Potential,YouTube
706698784,12/6/2024,12/16/2024,12/17/2024,12/18/2024,12/22/2024,10,1,1,4,Unlock Your Potential,Instagram
706788788,12/1/2024,12/7/2024,12/8/2024,12/14/2024,12/16/2024,6,1,6,2,Train to Gain,Facebook
706878792,12/2/2024,,,,,,,,,Unlock Your Potential,YouTube
706968796,12/1/2024,12/8/2024,12/9/2024,12/9/2024,12/10/2024,7,1,0,1,Unlock Your Potential,Instagram
707058799,12/2/2024,12/15/2024,12/16/2024,,,13,1,,,Unlock Your Potential,Instagram
707148803,12/3/2024,,,,,,,,,Grow with Us,Facebook
707238807,12/4/2024,,,,,,,,,Unlock Your Potential,Instagram
707328811,12/1/2024,,,,,,,,,Train to Gain,YouTube
607418815,12/1/2024,12/2/2024,12/3/2024,,,1,1,,,Unlock Your Potential,Instagram
707508818,12/3/2024,12/9/2024,12/10/2024,12/16/2024,12/18/2024,6,1,6,2,Train to Gain,YouTube
707598822,12/1/2024,12/10/2024,,,,9,,,,Train to Gain,Instagram
607688826,12/4/2024,12/11/2024,12/12/2024,12/16/2024,12/18/2024,7,1,4,2,Unlock Your Potential,Instagram
607778830,12/3/2024,,,,,,,,,Unlock Your Potential,Instagram
607868833,12/7/2024,12/11/2024,,,,4,,,,Unlock Your Potential,Instagram
607958837,12/4/2024,,,,,,,,,Unlock Your Potential,Instagram
608048841,12/1/2024,12/9/2024,,,,8,,,,Train to Gain,YouTube
708138845,12/1/2024,,,,,,,,,Unlock Your Potential,YouTube
708080409,12/2/2024,12/3/2024,12/4/2024,12/9/2024,12/11/2024,1,1,5,2,Unlock Your Potential,Instagram
608318852,12/3/2024,12/5/2024,12/6/2024,12/12/2024,12/14/2024,2,1,6,2,Grow with Us,YouTube
708408856,12/3/2024,,,,,,,,,Unlock Your Potential,Facebook
608498860,12/2/2024,12/15/2024,,,,13,,,,Unlock Your Potential,YouTube
608588864,12/3/2024,12/12/2024,12/13/2024,,,9,1,,,Train to Gain,YouTube
708678867,12/1/2024,12/17/2024,12/18/2024,12/24/2024,12/28/2024,16,1,6,4,Train to Gain,Instagram
708768871,12/5/2024,,,,,,,,,Unlock Your Potential,YouTube
708858875,12/3/2024,12/11/2024,12/12/2024,12/12/2024,12/13/2024,8,1,0,1,Unlock Your Potential,Instagram
708948879,12/5/2024,12/13/2024,12/14/2024,12/14/2024,12/16/2024,8,1,0,2,Train to Gain,Instagram
609038883,12/3/2024,12/13/2024,12/14/2024,12/15/2024,12/16/2024,10,1,1,1,Unlock Your Potential,YouTube
709128886,12/4/2024,,,,,,,,,Train to Gain,Instagram
609218890,12/3/2024,12/20/2024,,,,17,,,,Train to Gain,YouTube